_group_key,input_reactants,input_reagents,product_1_canonical_smiles,product_2_canonical_smiles,input_boronic_acid,input_sulfonamide,input_base,input_catalyst,input_solvent,_group_key_sampled
N#CCCCS(N)(=O)=O,OB(O)c1ccc(C(F)(F)F)cc1.N#CCCCS(N)(=O)=O,O=C([O-])[O-].[K+].CN(C)CCN(C)C.[Cl-].[Cu+2].[OH-].CCOC(C)=O,N#CCCCS(=O)(=O)Nc1ccc(C(F)(F)F)cc1,N#CCCCS(=O)(=O)N(c1ccc(C(F)(F)F)cc1)c1ccc(C(F)(F)F)cc1,OB(O)c1ccc(C(F)(F)F)cc1,N#CCCCS(N)(=O)=O,O=C([O-])[O-].[K+].[K+],CN(C)CCN(C)C.CN(C)CCN(C)C.[Cl-].[Cl-].[Cu+2].[Cu+2].[OH-].[OH-],CCOC(C)=O,N#CCCCS(N)(=O)=O.OB(O)c1ccc(C(F)(F)F)cc1
N#CCCCS(N)(=O)=O,COc1ccc(B(O)O)cc1.N#CCCCS(N)(=O)=O,CCN(CC)CC.CN(C)CCN(C)C.[Cl-].[Cu+2].[OH-].CC#N,COc1ccc(NS(=O)(=O)CCCC#N)cc1,COc1ccc(N(c2ccc(OC)cc2)S(=O)(=O)CCCC#N)cc1,COc1ccc(B(O)O)cc1,N#CCCCS(N)(=O)=O,CCN(CC)CC,CN(C)CCN(C)C.CN(C)CCN(C)C.[Cl-].[Cl-].[Cu+2].[Cu+2].[OH-].[OH-],CC#N,COc1ccc(B(O)O)cc1.N#CCCCS(N)(=O)=O
N#CCCCS(N)(=O)=O,OB(O)c1ccc(C(F)(F)F)cc1.N#CCCCS(N)(=O)=O,Cc1ccncc1.CC(=O)[O-].[Cu+2].ClCCCl,N#CCCCS(=O)(=O)Nc1ccc(C(F)(F)F)cc1,N#CCCCS(=O)(=O)N(c1ccc(C(F)(F)F)cc1)c1ccc(C(F)(F)F)cc1,OB(O)c1ccc(C(F)(F)F)cc1,N#CCCCS(N)(=O)=O,Cc1ccncc1,CC(=O)[O-].CC(=O)[O-].[Cu+2],ClCCCl,N#CCCCS(N)(=O)=O.OB(O)c1ccc(C(F)(F)F)cc1
N#CCCCS(N)(=O)=O,COc1ccc(B(O)O)cc1.N#CCCCS(N)(=O)=O,CN(C)CCN(C)C.[Cl-].[Cu+2].[OH-].CC#N,COc1ccc(NS(=O)(=O)CCCC#N)cc1,COc1ccc(N(c2ccc(OC)cc2)S(=O)(=O)CCCC#N)cc1,COc1ccc(B(O)O)cc1,N#CCCCS(N)(=O)=O,,CN(C)CCN(C)C.CN(C)CCN(C)C.[Cl-].[Cl-].[Cu+2].[Cu+2].[OH-].[OH-],CC#N,COc1ccc(B(O)O)cc1.N#CCCCS(N)(=O)=O
N#CCCCS(N)(=O)=O,OB(O)c1ccc(C(F)(F)F)cc1.N#CCCCS(N)(=O)=O,CCN(C(C)C)C(C)C.CC#N.F[P-](F)(F)(F)(F)F.[Cu+].ClCCCl,N#CCCCS(=O)(=O)Nc1ccc(C(F)(F)F)cc1,N#CCCCS(=O)(=O)N(c1ccc(C(F)(F)F)cc1)c1ccc(C(F)(F)F)cc1,OB(O)c1ccc(C(F)(F)F)cc1,N#CCCCS(N)(=O)=O,CCN(C(C)C)C(C)C,CC#N.CC#N.CC#N.CC#N.F[P-](F)(F)(F)(F)F.[Cu+],ClCCCl,N#CCCCS(N)(=O)=O.OB(O)c1ccc(C(F)(F)F)cc1
N#CCCCS(N)(=O)=O,OB(O)c1ccc(C(F)(F)F)cc1.N#CCCCS(N)(=O)=O,CC(=O)[O-].[Cu+2].CO,N#CCCCS(=O)(=O)Nc1ccc(C(F)(F)F)cc1,N#CCCCS(=O)(=O)N(c1ccc(C(F)(F)F)cc1)c1ccc(C(F)(F)F)cc1,OB(O)c1ccc(C(F)(F)F)cc1,N#CCCCS(N)(=O)=O,,CC(=O)[O-].CC(=O)[O-].[Cu+2],CO,N#CCCCS(N)(=O)=O.OB(O)c1ccc(C(F)(F)F)cc1
N#CCCCS(N)(=O)=O,OB(O)c1ccc(C(F)(F)F)cc1.N#CCCCS(N)(=O)=O,CN(C)c1ccncc1.CC(=O)[O-].[Cu+2].ClCCCl,N#CCCCS(=O)(=O)Nc1ccc(C(F)(F)F)cc1,N#CCCCS(=O)(=O)N(c1ccc(C(F)(F)F)cc1)c1ccc(C(F)(F)F)cc1,OB(O)c1ccc(C(F)(F)F)cc1,N#CCCCS(N)(=O)=O,CN(C)c1ccncc1,CC(=O)[O-].CC(=O)[O-].[Cu+2],ClCCCl,N#CCCCS(N)(=O)=O.OB(O)c1ccc(C(F)(F)F)cc1
N#CCCCS(N)(=O)=O,OB(O)c1ccc(C(F)(F)F)cc1.N#CCCCS(N)(=O)=O,CCN(C(C)C)C(C)C.CC#N.F[P-](F)(F)(F)(F)F.[Cu+].ClCCCl,N#CCCCS(=O)(=O)Nc1ccc(C(F)(F)F)cc1,N#CCCCS(=O)(=O)N(c1ccc(C(F)(F)F)cc1)c1ccc(C(F)(F)F)cc1,OB(O)c1ccc(C(F)(F)F)cc1,N#CCCCS(N)(=O)=O,CCN(C(C)C)C(C)C,CC#N.CC#N.CC#N.CC#N.F[P-](F)(F)(F)(F)F.[Cu+],ClCCCl,N#CCCCS(N)(=O)=O.OB(O)c1ccc(C(F)(F)F)cc1
N#CCCCS(N)(=O)=O,COc1ccc(B(O)O)cc1.N#CCCCS(N)(=O)=O,CCN(CC)CC.CC(=O)[O-].[Cu+2].CO,COc1ccc(NS(=O)(=O)CCCC#N)cc1,COc1ccc(N(c2ccc(OC)cc2)S(=O)(=O)CCCC#N)cc1,COc1ccc(B(O)O)cc1,N#CCCCS(N)(=O)=O,CCN(CC)CC,CC(=O)[O-].CC(=O)[O-].[Cu+2],CO,COc1ccc(B(O)O)cc1.N#CCCCS(N)(=O)=O
N#CCCCS(N)(=O)=O,COc1ccc(B(O)O)cc1.N#CCCCS(N)(=O)=O,CC#N.F[P-](F)(F)(F)(F)F.[Cu+].CCOC(C)=O,COc1ccc(NS(=O)(=O)CCCC#N)cc1,COc1ccc(N(c2ccc(OC)cc2)S(=O)(=O)CCCC#N)cc1,COc1ccc(B(O)O)cc1,N#CCCCS(N)(=O)=O,,CC#N.CC#N.CC#N.CC#N.F[P-](F)(F)(F)(F)F.[Cu+],CCOC(C)=O,COc1ccc(B(O)O)cc1.N#CCCCS(N)(=O)=O
N#CCCCS(N)(=O)=O,COc1ccc(B(O)O)cc1.N#CCCCS(N)(=O)=O,O=P([O-])([O-])[O-].[K+].O=S(=O)([O-])C(F)(F)F.[Cu+2].ClCCCl,COc1ccc(NS(=O)(=O)CCCC#N)cc1,COc1ccc(N(c2ccc(OC)cc2)S(=O)(=O)CCCC#N)cc1,COc1ccc(B(O)O)cc1,N#CCCCS(N)(=O)=O,O=P([O-])([O-])[O-].[K+].[K+].[K+],O=S(=O)([O-])C(F)(F)F.O=S(=O)([O-])C(F)(F)F.[Cu+2],ClCCCl,COc1ccc(B(O)O)cc1.N#CCCCS(N)(=O)=O
N#CCCCS(N)(=O)=O,COc1ccc(B(O)O)cc1.N#CCCCS(N)(=O)=O,CCN(CC)CC.CN(C)CCN(C)C.[Cl-].[Cu+2].[OH-].CCOC(C)=O,COc1ccc(NS(=O)(=O)CCCC#N)cc1,COc1ccc(N(c2ccc(OC)cc2)S(=O)(=O)CCCC#N)cc1,COc1ccc(B(O)O)cc1,N#CCCCS(N)(=O)=O,CCN(CC)CC,CN(C)CCN(C)C.CN(C)CCN(C)C.[Cl-].[Cl-].[Cu+2].[Cu+2].[OH-].[OH-],CCOC(C)=O,COc1ccc(B(O)O)cc1.N#CCCCS(N)(=O)=O
N#CCCCS(N)(=O)=O,OB(O)c1ccc(C(F)(F)F)cc1.N#CCCCS(N)(=O)=O,O=C([O-])[O-].[K+].O=S(=O)([O-])C(F)(F)F.[Cu+2].ClCCCl,N#CCCCS(=O)(=O)Nc1ccc(C(F)(F)F)cc1,N#CCCCS(=O)(=O)N(c1ccc(C(F)(F)F)cc1)c1ccc(C(F)(F)F)cc1,OB(O)c1ccc(C(F)(F)F)cc1,N#CCCCS(N)(=O)=O,O=C([O-])[O-].[K+].[K+],O=S(=O)([O-])C(F)(F)F.O=S(=O)([O-])C(F)(F)F.[Cu+2],ClCCCl,N#CCCCS(N)(=O)=O.OB(O)c1ccc(C(F)(F)F)cc1
N#CCCCS(N)(=O)=O,OB(O)c1ccc(C(F)(F)F)cc1.N#CCCCS(N)(=O)=O,O=P([O-])([O-])[O-].[K+].CC#N.F[P-](F)(F)(F)(F)F.[Cu+].CCOC(C)=O,N#CCCCS(=O)(=O)Nc1ccc(C(F)(F)F)cc1,N#CCCCS(=O)(=O)N(c1ccc(C(F)(F)F)cc1)c1ccc(C(F)(F)F)cc1,OB(O)c1ccc(C(F)(F)F)cc1,N#CCCCS(N)(=O)=O,O=P([O-])([O-])[O-].[K+].[K+].[K+],CC#N.CC#N.CC#N.CC#N.F[P-](F)(F)(F)(F)F.[Cu+],CCOC(C)=O,N#CCCCS(N)(=O)=O.OB(O)c1ccc(C(F)(F)F)cc1
N#CCCCS(N)(=O)=O,OB(O)c1ccc(C(F)(F)F)cc1.N#CCCCS(N)(=O)=O,Cc1cccc(C)n1.CC(=O)[O-].[Cu+2].ClCCCl,N#CCCCS(=O)(=O)Nc1ccc(C(F)(F)F)cc1,N#CCCCS(=O)(=O)N(c1ccc(C(F)(F)F)cc1)c1ccc(C(F)(F)F)cc1,OB(O)c1ccc(C(F)(F)F)cc1,N#CCCCS(N)(=O)=O,Cc1cccc(C)n1,CC(=O)[O-].CC(=O)[O-].[Cu+2],ClCCCl,N#CCCCS(N)(=O)=O.OB(O)c1ccc(C(F)(F)F)cc1
N#CCCCS(N)(=O)=O,COc1ccc(B(O)O)cc1.N#CCCCS(N)(=O)=O,O=C([O-])[O-].[K+].CC#N.F[P-](F)(F)(F)(F)F.[Cu+],COc1ccc(NS(=O)(=O)CCCC#N)cc1,COc1ccc(N(c2ccc(OC)cc2)S(=O)(=O)CCCC#N)cc1,COc1ccc(B(O)O)cc1,N#CCCCS(N)(=O)=O,O=C([O-])[O-].[K+].[K+],CC#N.CC#N.CC#N.CC#N.F[P-](F)(F)(F)(F)F.[Cu+],CC#N,COc1ccc(B(O)O)cc1.N#CCCCS(N)(=O)=O
N#CCCCS(N)(=O)=O,COc1ccc(B(O)O)cc1.N#CCCCS(N)(=O)=O,CN(C)c1ccncc1.CC#N.F[P-](F)(F)(F)(F)F.[Cu+].ClCCCl,COc1ccc(NS(=O)(=O)CCCC#N)cc1,COc1ccc(N(c2ccc(OC)cc2)S(=O)(=O)CCCC#N)cc1,COc1ccc(B(O)O)cc1,N#CCCCS(N)(=O)=O,CN(C)c1ccncc1,CC#N.CC#N.CC#N.CC#N.F[P-](F)(F)(F)(F)F.[Cu+],ClCCCl,COc1ccc(B(O)O)cc1.N#CCCCS(N)(=O)=O
N#CCCCS(N)(=O)=O,COc1ccc(B(O)O)cc1.N#CCCCS(N)(=O)=O,CCN(C(C)C)C(C)C.CN(C)CCN(C)C.[Cl-].[Cu+2].[OH-].CCOC(C)=O,COc1ccc(NS(=O)(=O)CCCC#N)cc1,COc1ccc(N(c2ccc(OC)cc2)S(=O)(=O)CCCC#N)cc1,COc1ccc(B(O)O)cc1,N#CCCCS(N)(=O)=O,CCN(C(C)C)C(C)C,CN(C)CCN(C)C.CN(C)CCN(C)C.[Cl-].[Cl-].[Cu+2].[Cu+2].[OH-].[OH-],CCOC(C)=O,COc1ccc(B(O)O)cc1.N#CCCCS(N)(=O)=O
N#CCCCS(N)(=O)=O,COc1ccc(B(O)O)cc1.N#CCCCS(N)(=O)=O,O=S(=O)([O-])C(F)(F)F.[Cu+2].CO,COc1ccc(NS(=O)(=O)CCCC#N)cc1,COc1ccc(N(c2ccc(OC)cc2)S(=O)(=O)CCCC#N)cc1,COc1ccc(B(O)O)cc1,N#CCCCS(N)(=O)=O,,O=S(=O)([O-])C(F)(F)F.O=S(=O)([O-])C(F)(F)F.[Cu+2],CO,COc1ccc(B(O)O)cc1.N#CCCCS(N)(=O)=O
CN(C)CCS(N)(=O)=O,COc1ccc(B(O)O)cc1.CN(C)CCS(N)(=O)=O,O=C([O-])[O-].[K+].CN(C)CCN(C)C.[Cl-].[Cu+2].[OH-].CCOC(C)=O,COc1ccc(NS(=O)(=O)CCN(C)C)cc1,COc1ccc(N(c2ccc(OC)cc2)S(=O)(=O)CCN(C)C)cc1,COc1ccc(B(O)O)cc1,CN(C)CCS(N)(=O)=O,O=C([O-])[O-].[K+].[K+],CN(C)CCN(C)C.CN(C)CCN(C)C.[Cl-].[Cl-].[Cu+2].[Cu+2].[OH-].[OH-],CCOC(C)=O,CN(C)CCS(N)(=O)=O.COc1ccc(B(O)O)cc1
CN(C)CCS(N)(=O)=O,COc1ccc(B(O)O)cc1.CN(C)CCS(N)(=O)=O,CCN(CC)CC.O=S(=O)([O-])C(F)(F)F.[Cu+2].CCOC(C)=O,COc1ccc(NS(=O)(=O)CCN(C)C)cc1,COc1ccc(N(c2ccc(OC)cc2)S(=O)(=O)CCN(C)C)cc1,COc1ccc(B(O)O)cc1,CN(C)CCS(N)(=O)=O,CCN(CC)CC,O=S(=O)([O-])C(F)(F)F.O=S(=O)([O-])C(F)(F)F.[Cu+2],CCOC(C)=O,CN(C)CCS(N)(=O)=O.COc1ccc(B(O)O)cc1
CN(C)CCS(N)(=O)=O,COc1ccc(B(O)O)cc1.CN(C)CCS(N)(=O)=O,CN(C)c1ccncc1.CC(=O)[O-].[Cu+2].CCOC(C)=O,COc1ccc(NS(=O)(=O)CCN(C)C)cc1,COc1ccc(N(c2ccc(OC)cc2)S(=O)(=O)CCN(C)C)cc1,COc1ccc(B(O)O)cc1,CN(C)CCS(N)(=O)=O,CN(C)c1ccncc1,CC(=O)[O-].CC(=O)[O-].[Cu+2],CCOC(C)=O,CN(C)CCS(N)(=O)=O.COc1ccc(B(O)O)cc1
CN(C)CCS(N)(=O)=O,OB(O)c1ccc(C(F)(F)F)cc1.CN(C)CCS(N)(=O)=O,CCN(CC)CC.CC#N.F[P-](F)(F)(F)(F)F.[Cu+].ClCCCl,CN(C)CCS(=O)(=O)Nc1ccc(C(F)(F)F)cc1,CN(C)CCS(=O)(=O)N(c1ccc(C(F)(F)F)cc1)c1ccc(C(F)(F)F)cc1,OB(O)c1ccc(C(F)(F)F)cc1,CN(C)CCS(N)(=O)=O,CCN(CC)CC,CC#N.CC#N.CC#N.CC#N.F[P-](F)(F)(F)(F)F.[Cu+],ClCCCl,CN(C)CCS(N)(=O)=O.OB(O)c1ccc(C(F)(F)F)cc1
CN(C)CCS(N)(=O)=O,OB(O)c1ccc(C(F)(F)F)cc1.CN(C)CCS(N)(=O)=O,CCN(CC)CC.O=S(=O)([O-])C(F)(F)F.[Cu+2].CO,CN(C)CCS(=O)(=O)Nc1ccc(C(F)(F)F)cc1,CN(C)CCS(=O)(=O)N(c1ccc(C(F)(F)F)cc1)c1ccc(C(F)(F)F)cc1,OB(O)c1ccc(C(F)(F)F)cc1,CN(C)CCS(N)(=O)=O,CCN(CC)CC,O=S(=O)([O-])C(F)(F)F.O=S(=O)([O-])C(F)(F)F.[Cu+2],CO,CN(C)CCS(N)(=O)=O.OB(O)c1ccc(C(F)(F)F)cc1
CN(C)CCS(N)(=O)=O,OB(O)c1ccc(C(F)(F)F)cc1.CN(C)CCS(N)(=O)=O,CCN(C(C)C)C(C)C.CN(C)CCN(C)C.[Cl-].[Cu+2].[OH-].CC#N,CN(C)CCS(=O)(=O)Nc1ccc(C(F)(F)F)cc1,CN(C)CCS(=O)(=O)N(c1ccc(C(F)(F)F)cc1)c1ccc(C(F)(F)F)cc1,OB(O)c1ccc(C(F)(F)F)cc1,CN(C)CCS(N)(=O)=O,CCN(C(C)C)C(C)C,CN(C)CCN(C)C.CN(C)CCN(C)C.[Cl-].[Cl-].[Cu+2].[Cu+2].[OH-].[OH-],CC#N,CN(C)CCS(N)(=O)=O.OB(O)c1ccc(C(F)(F)F)cc1
CN(C)CCS(N)(=O)=O,OB(O)c1ccc(C(F)(F)F)cc1.CN(C)CCS(N)(=O)=O,CN(C)CCN(C)C.[Cl-].[Cu+2].[OH-].CO,CN(C)CCS(=O)(=O)Nc1ccc(C(F)(F)F)cc1,CN(C)CCS(=O)(=O)N(c1ccc(C(F)(F)F)cc1)c1ccc(C(F)(F)F)cc1,OB(O)c1ccc(C(F)(F)F)cc1,CN(C)CCS(N)(=O)=O,,CN(C)CCN(C)C.CN(C)CCN(C)C.[Cl-].[Cl-].[Cu+2].[Cu+2].[OH-].[OH-],CO,CN(C)CCS(N)(=O)=O.OB(O)c1ccc(C(F)(F)F)cc1
CN(C)CCS(N)(=O)=O,OB(O)c1ccc(C(F)(F)F)cc1.CN(C)CCS(N)(=O)=O,O=C([O-])[O-].[K+].CC#N.F[P-](F)(F)(F)(F)F.[Cu+].ClCCCl,CN(C)CCS(=O)(=O)Nc1ccc(C(F)(F)F)cc1,CN(C)CCS(=O)(=O)N(c1ccc(C(F)(F)F)cc1)c1ccc(C(F)(F)F)cc1,OB(O)c1ccc(C(F)(F)F)cc1,CN(C)CCS(N)(=O)=O,O=C([O-])[O-].[K+].[K+],CC#N.CC#N.CC#N.CC#N.F[P-](F)(F)(F)(F)F.[Cu+],ClCCCl,CN(C)CCS(N)(=O)=O.OB(O)c1ccc(C(F)(F)F)cc1
CN(C)CCS(N)(=O)=O,COc1ccc(B(O)O)cc1.CN(C)CCS(N)(=O)=O,O=P([O-])([O-])[O-].[K+].CC#N.F[P-](F)(F)(F)(F)F.[Cu+].CO,COc1ccc(NS(=O)(=O)CCN(C)C)cc1,COc1ccc(N(c2ccc(OC)cc2)S(=O)(=O)CCN(C)C)cc1,COc1ccc(B(O)O)cc1,CN(C)CCS(N)(=O)=O,O=P([O-])([O-])[O-].[K+].[K+].[K+],CC#N.CC#N.CC#N.CC#N.F[P-](F)(F)(F)(F)F.[Cu+],CO,CN(C)CCS(N)(=O)=O.COc1ccc(B(O)O)cc1
CN(C)CCS(N)(=O)=O,OB(O)c1ccc(C(F)(F)F)cc1.CN(C)CCS(N)(=O)=O,O=P([O-])([O-])[O-].[K+].CC#N.F[P-](F)(F)(F)(F)F.[Cu+],CN(C)CCS(=O)(=O)Nc1ccc(C(F)(F)F)cc1,CN(C)CCS(=O)(=O)N(c1ccc(C(F)(F)F)cc1)c1ccc(C(F)(F)F)cc1,OB(O)c1ccc(C(F)(F)F)cc1,CN(C)CCS(N)(=O)=O,O=P([O-])([O-])[O-].[K+].[K+].[K+],CC#N.CC#N.CC#N.CC#N.F[P-](F)(F)(F)(F)F.[Cu+],CC#N,CN(C)CCS(N)(=O)=O.OB(O)c1ccc(C(F)(F)F)cc1
CN(C)CCS(N)(=O)=O,COc1ccc(B(O)O)cc1.CN(C)CCS(N)(=O)=O,CC#N.F[P-](F)(F)(F)(F)F.[Cu+].CCOC(C)=O,COc1ccc(NS(=O)(=O)CCN(C)C)cc1,COc1ccc(N(c2ccc(OC)cc2)S(=O)(=O)CCN(C)C)cc1,COc1ccc(B(O)O)cc1,CN(C)CCS(N)(=O)=O,,CC#N.CC#N.CC#N.CC#N.F[P-](F)(F)(F)(F)F.[Cu+],CCOC(C)=O,CN(C)CCS(N)(=O)=O.COc1ccc(B(O)O)cc1
CN(C)CCS(N)(=O)=O,OB(O)c1ccc(C(F)(F)F)cc1.CN(C)CCS(N)(=O)=O,O=P([O-])([O-])[O-].[K+].CC#N.F[P-](F)(F)(F)(F)F.[Cu+].ClCCCl,CN(C)CCS(=O)(=O)Nc1ccc(C(F)(F)F)cc1,CN(C)CCS(=O)(=O)N(c1ccc(C(F)(F)F)cc1)c1ccc(C(F)(F)F)cc1,OB(O)c1ccc(C(F)(F)F)cc1,CN(C)CCS(N)(=O)=O,O=P([O-])([O-])[O-].[K+].[K+].[K+],CC#N.CC#N.CC#N.CC#N.F[P-](F)(F)(F)(F)F.[Cu+],ClCCCl,CN(C)CCS(N)(=O)=O.OB(O)c1ccc(C(F)(F)F)cc1
CN(C)CCS(N)(=O)=O,OB(O)c1ccc(C(F)(F)F)cc1.CN(C)CCS(N)(=O)=O,Cc1cccc(C)n1.CC(=O)[O-].[Cu+2].ClCCCl,CN(C)CCS(=O)(=O)Nc1ccc(C(F)(F)F)cc1,CN(C)CCS(=O)(=O)N(c1ccc(C(F)(F)F)cc1)c1ccc(C(F)(F)F)cc1,OB(O)c1ccc(C(F)(F)F)cc1,CN(C)CCS(N)(=O)=O,Cc1cccc(C)n1,CC(=O)[O-].CC(=O)[O-].[Cu+2],ClCCCl,CN(C)CCS(N)(=O)=O.OB(O)c1ccc(C(F)(F)F)cc1
CN(C)CCS(N)(=O)=O,COc1ccc(B(O)O)cc1.CN(C)CCS(N)(=O)=O,O=P([O-])([O-])[O-].[K+].O=S(=O)([O-])C(F)(F)F.[Cu+2].CC#N,COc1ccc(NS(=O)(=O)CCN(C)C)cc1,COc1ccc(N(c2ccc(OC)cc2)S(=O)(=O)CCN(C)C)cc1,COc1ccc(B(O)O)cc1,CN(C)CCS(N)(=O)=O,O=P([O-])([O-])[O-].[K+].[K+].[K+],O=S(=O)([O-])C(F)(F)F.O=S(=O)([O-])C(F)(F)F.[Cu+2],CC#N,CN(C)CCS(N)(=O)=O.COc1ccc(B(O)O)cc1
CN(C)CCS(N)(=O)=O,OB(O)c1ccc(C(F)(F)F)cc1.CN(C)CCS(N)(=O)=O,CCN(CC)CC.O=S(=O)([O-])C(F)(F)F.[Cu+2].CCOC(C)=O,CN(C)CCS(=O)(=O)Nc1ccc(C(F)(F)F)cc1,CN(C)CCS(=O)(=O)N(c1ccc(C(F)(F)F)cc1)c1ccc(C(F)(F)F)cc1,OB(O)c1ccc(C(F)(F)F)cc1,CN(C)CCS(N)(=O)=O,CCN(CC)CC,O=S(=O)([O-])C(F)(F)F.O=S(=O)([O-])C(F)(F)F.[Cu+2],CCOC(C)=O,CN(C)CCS(N)(=O)=O.OB(O)c1ccc(C(F)(F)F)cc1
CN(C)CCS(N)(=O)=O,COc1ccc(B(O)O)cc1.CN(C)CCS(N)(=O)=O,CCN(CC)CC.O=S(=O)([O-])C(F)(F)F.[Cu+2].ClCCCl,COc1ccc(NS(=O)(=O)CCN(C)C)cc1,COc1ccc(N(c2ccc(OC)cc2)S(=O)(=O)CCN(C)C)cc1,COc1ccc(B(O)O)cc1,CN(C)CCS(N)(=O)=O,CCN(CC)CC,O=S(=O)([O-])C(F)(F)F.O=S(=O)([O-])C(F)(F)F.[Cu+2],ClCCCl,CN(C)CCS(N)(=O)=O.COc1ccc(B(O)O)cc1
CN(C)CCS(N)(=O)=O,COc1ccc(B(O)O)cc1.CN(C)CCS(N)(=O)=O,O=S(=O)([O-])C(F)(F)F.[Cu+2].CO,COc1ccc(NS(=O)(=O)CCN(C)C)cc1,COc1ccc(N(c2ccc(OC)cc2)S(=O)(=O)CCN(C)C)cc1,COc1ccc(B(O)O)cc1,CN(C)CCS(N)(=O)=O,,O=S(=O)([O-])C(F)(F)F.O=S(=O)([O-])C(F)(F)F.[Cu+2],CO,CN(C)CCS(N)(=O)=O.COc1ccc(B(O)O)cc1
CN(C)CCS(N)(=O)=O,COc1ccc(B(O)O)cc1.CN(C)CCS(N)(=O)=O,O=S(=O)([O-])C(F)(F)F.[Cu+2].CO,COc1ccc(NS(=O)(=O)CCN(C)C)cc1,COc1ccc(N(c2ccc(OC)cc2)S(=O)(=O)CCN(C)C)cc1,COc1ccc(B(O)O)cc1,CN(C)CCS(N)(=O)=O,,O=S(=O)([O-])C(F)(F)F.O=S(=O)([O-])C(F)(F)F.[Cu+2],CO,CN(C)CCS(N)(=O)=O.COc1ccc(B(O)O)cc1
CCOC(=O)c1ccccc1S(N)(=O)=O,COc1ccc(B(O)O)cc1.CCOC(=O)c1ccccc1S(N)(=O)=O,CCN(C(C)C)C(C)C.O=S(=O)([O-])C(F)(F)F.[Cu+2].CC#N,CCOC(=O)c1ccccc1S(=O)(=O)Nc1ccc(OC)cc1,CCOC(=O)c1ccccc1S(=O)(=O)N(c1ccc(OC)cc1)c1ccc(OC)cc1,COc1ccc(B(O)O)cc1,CCOC(=O)c1ccccc1S(N)(=O)=O,CCN(C(C)C)C(C)C,O=S(=O)([O-])C(F)(F)F.O=S(=O)([O-])C(F)(F)F.[Cu+2],CC#N,CCOC(=O)c1ccccc1S(N)(=O)=O.COc1ccc(B(O)O)cc1
CCOC(=O)c1ccccc1S(N)(=O)=O,OB(O)c1ccc(C(F)(F)F)cc1.CCOC(=O)c1ccccc1S(N)(=O)=O,CN(C)c1ccncc1.O=S(=O)([O-])C(F)(F)F.[Cu+2].CCOC(C)=O,CCOC(=O)c1ccccc1S(=O)(=O)Nc1ccc(C(F)(F)F)cc1,CCOC(=O)c1ccccc1S(=O)(=O)N(c1ccc(C(F)(F)F)cc1)c1ccc(C(F)(F)F)cc1,OB(O)c1ccc(C(F)(F)F)cc1,CCOC(=O)c1ccccc1S(N)(=O)=O,CN(C)c1ccncc1,O=S(=O)([O-])C(F)(F)F.O=S(=O)([O-])C(F)(F)F.[Cu+2],CCOC(C)=O,CCOC(=O)c1ccccc1S(N)(=O)=O.OB(O)c1ccc(C(F)(F)F)cc1
CCOC(=O)c1ccccc1S(N)(=O)=O,OB(O)c1ccc(C(F)(F)F)cc1.CCOC(=O)c1ccccc1S(N)(=O)=O,CN(C)c1ccncc1.CC(=O)[O-].[Cu+2].CC#N,CCOC(=O)c1ccccc1S(=O)(=O)Nc1ccc(C(F)(F)F)cc1,CCOC(=O)c1ccccc1S(=O)(=O)N(c1ccc(C(F)(F)F)cc1)c1ccc(C(F)(F)F)cc1,OB(O)c1ccc(C(F)(F)F)cc1,CCOC(=O)c1ccccc1S(N)(=O)=O,CN(C)c1ccncc1,CC(=O)[O-].CC(=O)[O-].[Cu+2],CC#N,CCOC(=O)c1ccccc1S(N)(=O)=O.OB(O)c1ccc(C(F)(F)F)cc1
CCOC(=O)c1ccccc1S(N)(=O)=O,COc1ccc(B(O)O)cc1.CCOC(=O)c1ccccc1S(N)(=O)=O,CCN(CC)CC.CC#N.F[P-](F)(F)(F)(F)F.[Cu+].ClCCCl,CCOC(=O)c1ccccc1S(=O)(=O)Nc1ccc(OC)cc1,CCOC(=O)c1ccccc1S(=O)(=O)N(c1ccc(OC)cc1)c1ccc(OC)cc1,COc1ccc(B(O)O)cc1,CCOC(=O)c1ccccc1S(N)(=O)=O,CCN(CC)CC,CC#N.CC#N.CC#N.CC#N.F[P-](F)(F)(F)(F)F.[Cu+],ClCCCl,CCOC(=O)c1ccccc1S(N)(=O)=O.COc1ccc(B(O)O)cc1
CCOC(=O)c1ccccc1S(N)(=O)=O,OB(O)c1ccc(C(F)(F)F)cc1.CCOC(=O)c1ccccc1S(N)(=O)=O,O=C([O-])[O-].[K+].CN(C)CCN(C)C.[Cl-].[Cu+2].[OH-].CCOC(C)=O,CCOC(=O)c1ccccc1S(=O)(=O)Nc1ccc(C(F)(F)F)cc1,CCOC(=O)c1ccccc1S(=O)(=O)N(c1ccc(C(F)(F)F)cc1)c1ccc(C(F)(F)F)cc1,OB(O)c1ccc(C(F)(F)F)cc1,CCOC(=O)c1ccccc1S(N)(=O)=O,O=C([O-])[O-].[K+].[K+],CN(C)CCN(C)C.CN(C)CCN(C)C.[Cl-].[Cl-].[Cu+2].[Cu+2].[OH-].[OH-],CCOC(C)=O,CCOC(=O)c1ccccc1S(N)(=O)=O.OB(O)c1ccc(C(F)(F)F)cc1
CCOC(=O)c1ccccc1S(N)(=O)=O,COc1ccc(B(O)O)cc1.CCOC(=O)c1ccccc1S(N)(=O)=O,CCN(CC)CC.CC#N.F[P-](F)(F)(F)(F)F.[Cu+],CCOC(=O)c1ccccc1S(=O)(=O)Nc1ccc(OC)cc1,CCOC(=O)c1ccccc1S(=O)(=O)N(c1ccc(OC)cc1)c1ccc(OC)cc1,COc1ccc(B(O)O)cc1,CCOC(=O)c1ccccc1S(N)(=O)=O,CCN(CC)CC,CC#N.CC#N.CC#N.CC#N.F[P-](F)(F)(F)(F)F.[Cu+],CC#N,CCOC(=O)c1ccccc1S(N)(=O)=O.COc1ccc(B(O)O)cc1
CCOC(=O)c1ccccc1S(N)(=O)=O,OB(O)c1ccc(C(F)(F)F)cc1.CCOC(=O)c1ccccc1S(N)(=O)=O,CCN(CC)CC.CC(=O)[O-].[Cu+2].ClCCCl,CCOC(=O)c1ccccc1S(=O)(=O)Nc1ccc(C(F)(F)F)cc1,CCOC(=O)c1ccccc1S(=O)(=O)N(c1ccc(C(F)(F)F)cc1)c1ccc(C(F)(F)F)cc1,OB(O)c1ccc(C(F)(F)F)cc1,CCOC(=O)c1ccccc1S(N)(=O)=O,CCN(CC)CC,CC(=O)[O-].CC(=O)[O-].[Cu+2],ClCCCl,CCOC(=O)c1ccccc1S(N)(=O)=O.OB(O)c1ccc(C(F)(F)F)cc1
CCOC(=O)c1ccccc1S(N)(=O)=O,COc1ccc(B(O)O)cc1.CCOC(=O)c1ccccc1S(N)(=O)=O,O=C([O-])[O-].[K+].CC(=O)[O-].[Cu+2].CC#N,CCOC(=O)c1ccccc1S(=O)(=O)Nc1ccc(OC)cc1,CCOC(=O)c1ccccc1S(=O)(=O)N(c1ccc(OC)cc1)c1ccc(OC)cc1,COc1ccc(B(O)O)cc1,CCOC(=O)c1ccccc1S(N)(=O)=O,O=C([O-])[O-].[K+].[K+],CC(=O)[O-].CC(=O)[O-].[Cu+2],CC#N,CCOC(=O)c1ccccc1S(N)(=O)=O.COc1ccc(B(O)O)cc1
CCOC(=O)c1ccccc1S(N)(=O)=O,OB(O)c1ccc(C(F)(F)F)cc1.CCOC(=O)c1ccccc1S(N)(=O)=O,CN(C)c1ccncc1.CC#N.F[P-](F)(F)(F)(F)F.[Cu+].CO,CCOC(=O)c1ccccc1S(=O)(=O)Nc1ccc(C(F)(F)F)cc1,CCOC(=O)c1ccccc1S(=O)(=O)N(c1ccc(C(F)(F)F)cc1)c1ccc(C(F)(F)F)cc1,OB(O)c1ccc(C(F)(F)F)cc1,CCOC(=O)c1ccccc1S(N)(=O)=O,CN(C)c1ccncc1,CC#N.CC#N.CC#N.CC#N.F[P-](F)(F)(F)(F)F.[Cu+],CO,CCOC(=O)c1ccccc1S(N)(=O)=O.OB(O)c1ccc(C(F)(F)F)cc1
CCOC(=O)c1ccccc1S(N)(=O)=O,COc1ccc(B(O)O)cc1.CCOC(=O)c1ccccc1S(N)(=O)=O,O=P([O-])([O-])[O-].[K+].CN(C)CCN(C)C.[Cl-].[Cu+2].[OH-].CO,CCOC(=O)c1ccccc1S(=O)(=O)Nc1ccc(OC)cc1,CCOC(=O)c1ccccc1S(=O)(=O)N(c1ccc(OC)cc1)c1ccc(OC)cc1,COc1ccc(B(O)O)cc1,CCOC(=O)c1ccccc1S(N)(=O)=O,O=P([O-])([O-])[O-].[K+].[K+].[K+],CN(C)CCN(C)C.CN(C)CCN(C)C.[Cl-].[Cl-].[Cu+2].[Cu+2].[OH-].[OH-],CO,CCOC(=O)c1ccccc1S(N)(=O)=O.COc1ccc(B(O)O)cc1
CCOC(=O)c1ccccc1S(N)(=O)=O,COc1ccc(B(O)O)cc1.CCOC(=O)c1ccccc1S(N)(=O)=O,CN(C)c1ccncc1.O=S(=O)([O-])C(F)(F)F.[Cu+2].CC#N,CCOC(=O)c1ccccc1S(=O)(=O)Nc1ccc(OC)cc1,CCOC(=O)c1ccccc1S(=O)(=O)N(c1ccc(OC)cc1)c1ccc(OC)cc1,COc1ccc(B(O)O)cc1,CCOC(=O)c1ccccc1S(N)(=O)=O,CN(C)c1ccncc1,O=S(=O)([O-])C(F)(F)F.O=S(=O)([O-])C(F)(F)F.[Cu+2],CC#N,CCOC(=O)c1ccccc1S(N)(=O)=O.COc1ccc(B(O)O)cc1
CCOC(=O)c1ccccc1S(N)(=O)=O,COc1ccc(B(O)O)cc1.CCOC(=O)c1ccccc1S(N)(=O)=O,CN(C)c1ccncc1.CN(C)CCN(C)C.[Cl-].[Cu+2].[OH-].ClCCCl,CCOC(=O)c1ccccc1S(=O)(=O)Nc1ccc(OC)cc1,CCOC(=O)c1ccccc1S(=O)(=O)N(c1ccc(OC)cc1)c1ccc(OC)cc1,COc1ccc(B(O)O)cc1,CCOC(=O)c1ccccc1S(N)(=O)=O,CN(C)c1ccncc1,CN(C)CCN(C)C.CN(C)CCN(C)C.[Cl-].[Cl-].[Cu+2].[Cu+2].[OH-].[OH-],ClCCCl,CCOC(=O)c1ccccc1S(N)(=O)=O.COc1ccc(B(O)O)cc1
CCOC(=O)c1ccccc1S(N)(=O)=O,COc1ccc(B(O)O)cc1.CCOC(=O)c1ccccc1S(N)(=O)=O,CN(C)CCN(C)C.[Cl-].[Cu+2].[OH-].ClCCCl,CCOC(=O)c1ccccc1S(=O)(=O)Nc1ccc(OC)cc1,CCOC(=O)c1ccccc1S(=O)(=O)N(c1ccc(OC)cc1)c1ccc(OC)cc1,COc1ccc(B(O)O)cc1,CCOC(=O)c1ccccc1S(N)(=O)=O,,CN(C)CCN(C)C.CN(C)CCN(C)C.[Cl-].[Cl-].[Cu+2].[Cu+2].[OH-].[OH-],ClCCCl,CCOC(=O)c1ccccc1S(N)(=O)=O.COc1ccc(B(O)O)cc1
CCOC(=O)c1ccccc1S(N)(=O)=O,OB(O)c1ccc(C(F)(F)F)cc1.CCOC(=O)c1ccccc1S(N)(=O)=O,O=S(=O)([O-])C(F)(F)F.[Cu+2].CO,CCOC(=O)c1ccccc1S(=O)(=O)Nc1ccc(C(F)(F)F)cc1,CCOC(=O)c1ccccc1S(=O)(=O)N(c1ccc(C(F)(F)F)cc1)c1ccc(C(F)(F)F)cc1,OB(O)c1ccc(C(F)(F)F)cc1,CCOC(=O)c1ccccc1S(N)(=O)=O,,O=S(=O)([O-])C(F)(F)F.O=S(=O)([O-])C(F)(F)F.[Cu+2],CO,CCOC(=O)c1ccccc1S(N)(=O)=O.OB(O)c1ccc(C(F)(F)F)cc1
CCOC(=O)c1ccccc1S(N)(=O)=O,OB(O)c1ccc(C(F)(F)F)cc1.CCOC(=O)c1ccccc1S(N)(=O)=O,O=P([O-])([O-])[O-].[K+].O=S(=O)([O-])C(F)(F)F.[Cu+2].CC#N,CCOC(=O)c1ccccc1S(=O)(=O)Nc1ccc(C(F)(F)F)cc1,CCOC(=O)c1ccccc1S(=O)(=O)N(c1ccc(C(F)(F)F)cc1)c1ccc(C(F)(F)F)cc1,OB(O)c1ccc(C(F)(F)F)cc1,CCOC(=O)c1ccccc1S(N)(=O)=O,O=P([O-])([O-])[O-].[K+].[K+].[K+],O=S(=O)([O-])C(F)(F)F.O=S(=O)([O-])C(F)(F)F.[Cu+2],CC#N,CCOC(=O)c1ccccc1S(N)(=O)=O.OB(O)c1ccc(C(F)(F)F)cc1
CCOC(=O)c1ccccc1S(N)(=O)=O,OB(O)c1ccc(C(F)(F)F)cc1.CCOC(=O)c1ccccc1S(N)(=O)=O,CCN(C(C)C)C(C)C.CC(=O)[O-].[Cu+2].ClCCCl,CCOC(=O)c1ccccc1S(=O)(=O)Nc1ccc(C(F)(F)F)cc1,CCOC(=O)c1ccccc1S(=O)(=O)N(c1ccc(C(F)(F)F)cc1)c1ccc(C(F)(F)F)cc1,OB(O)c1ccc(C(F)(F)F)cc1,CCOC(=O)c1ccccc1S(N)(=O)=O,CCN(C(C)C)C(C)C,CC(=O)[O-].CC(=O)[O-].[Cu+2],ClCCCl,CCOC(=O)c1ccccc1S(N)(=O)=O.OB(O)c1ccc(C(F)(F)F)cc1
CCOC(=O)c1ccccc1S(N)(=O)=O,COc1ccc(B(O)O)cc1.CCOC(=O)c1ccccc1S(N)(=O)=O,CN(C)c1ccncc1.CC(=O)[O-].[Cu+2].ClCCCl,CCOC(=O)c1ccccc1S(=O)(=O)Nc1ccc(OC)cc1,CCOC(=O)c1ccccc1S(=O)(=O)N(c1ccc(OC)cc1)c1ccc(OC)cc1,COc1ccc(B(O)O)cc1,CCOC(=O)c1ccccc1S(N)(=O)=O,CN(C)c1ccncc1,CC(=O)[O-].CC(=O)[O-].[Cu+2],ClCCCl,CCOC(=O)c1ccccc1S(N)(=O)=O.COc1ccc(B(O)O)cc1
CCOC(=O)c1ccccc1S(N)(=O)=O,OB(O)c1ccc(C(F)(F)F)cc1.CCOC(=O)c1ccccc1S(N)(=O)=O,CCN(C(C)C)C(C)C.CN(C)CCN(C)C.[Cl-].[Cu+2].[OH-].CCOC(C)=O,CCOC(=O)c1ccccc1S(=O)(=O)Nc1ccc(C(F)(F)F)cc1,CCOC(=O)c1ccccc1S(=O)(=O)N(c1ccc(C(F)(F)F)cc1)c1ccc(C(F)(F)F)cc1,OB(O)c1ccc(C(F)(F)F)cc1,CCOC(=O)c1ccccc1S(N)(=O)=O,CCN(C(C)C)C(C)C,CN(C)CCN(C)C.CN(C)CCN(C)C.[Cl-].[Cl-].[Cu+2].[Cu+2].[OH-].[OH-],CCOC(C)=O,CCOC(=O)c1ccccc1S(N)(=O)=O.OB(O)c1ccc(C(F)(F)F)cc1
CCOC(=O)c1ccccc1S(N)(=O)=O,COc1ccc(B(O)O)cc1.CCOC(=O)c1ccccc1S(N)(=O)=O,O=P([O-])([O-])[O-].[K+].CC(=O)[O-].[Cu+2].CCOC(C)=O,CCOC(=O)c1ccccc1S(=O)(=O)Nc1ccc(OC)cc1,CCOC(=O)c1ccccc1S(=O)(=O)N(c1ccc(OC)cc1)c1ccc(OC)cc1,COc1ccc(B(O)O)cc1,CCOC(=O)c1ccccc1S(N)(=O)=O,O=P([O-])([O-])[O-].[K+].[K+].[K+],CC(=O)[O-].CC(=O)[O-].[Cu+2],CCOC(C)=O,CCOC(=O)c1ccccc1S(N)(=O)=O.COc1ccc(B(O)O)cc1
NS(=O)(=O)c1cc(Cl)c(F)cc1Cl,COc1ccc(B(O)O)cc1.NS(=O)(=O)c1cc(Cl)c(F)cc1Cl,CCN(CC)CC.CN(C)CCN(C)C.[Cl-].[Cu+2].[OH-].ClCCCl,COc1ccc(NS(=O)(=O)c2cc(Cl)c(F)cc2Cl)cc1,COc1ccc(N(c2ccc(OC)cc2)S(=O)(=O)c2cc(Cl)c(F)cc2Cl)cc1,COc1ccc(B(O)O)cc1,NS(=O)(=O)c1cc(Cl)c(F)cc1Cl,CCN(CC)CC,CN(C)CCN(C)C.CN(C)CCN(C)C.[Cl-].[Cl-].[Cu+2].[Cu+2].[OH-].[OH-],ClCCCl,COc1ccc(B(O)O)cc1.NS(=O)(=O)c1cc(Cl)c(F)cc1Cl
NS(=O)(=O)c1cc(Cl)c(F)cc1Cl,COc1ccc(B(O)O)cc1.NS(=O)(=O)c1cc(Cl)c(F)cc1Cl,CN(C)c1ccncc1.CC#N.F[P-](F)(F)(F)(F)F.[Cu+].CO,COc1ccc(NS(=O)(=O)c2cc(Cl)c(F)cc2Cl)cc1,COc1ccc(N(c2ccc(OC)cc2)S(=O)(=O)c2cc(Cl)c(F)cc2Cl)cc1,COc1ccc(B(O)O)cc1,NS(=O)(=O)c1cc(Cl)c(F)cc1Cl,CN(C)c1ccncc1,CC#N.CC#N.CC#N.CC#N.F[P-](F)(F)(F)(F)F.[Cu+],CO,COc1ccc(B(O)O)cc1.NS(=O)(=O)c1cc(Cl)c(F)cc1Cl
NS(=O)(=O)c1cc(Cl)c(F)cc1Cl,COc1ccc(B(O)O)cc1.NS(=O)(=O)c1cc(Cl)c(F)cc1Cl,O=P([O-])([O-])[O-].[K+].CN(C)CCN(C)C.[Cl-].[Cu+2].[OH-].CC#N,COc1ccc(NS(=O)(=O)c2cc(Cl)c(F)cc2Cl)cc1,COc1ccc(N(c2ccc(OC)cc2)S(=O)(=O)c2cc(Cl)c(F)cc2Cl)cc1,COc1ccc(B(O)O)cc1,NS(=O)(=O)c1cc(Cl)c(F)cc1Cl,O=P([O-])([O-])[O-].[K+].[K+].[K+],CN(C)CCN(C)C.CN(C)CCN(C)C.[Cl-].[Cl-].[Cu+2].[Cu+2].[OH-].[OH-],CC#N,COc1ccc(B(O)O)cc1.NS(=O)(=O)c1cc(Cl)c(F)cc1Cl
NS(=O)(=O)c1cc(Cl)c(F)cc1Cl,COc1ccc(B(O)O)cc1.NS(=O)(=O)c1cc(Cl)c(F)cc1Cl,CCN(CC)CC.O=S(=O)([O-])C(F)(F)F.[Cu+2].CC#N,COc1ccc(NS(=O)(=O)c2cc(Cl)c(F)cc2Cl)cc1,COc1ccc(N(c2ccc(OC)cc2)S(=O)(=O)c2cc(Cl)c(F)cc2Cl)cc1,COc1ccc(B(O)O)cc1,NS(=O)(=O)c1cc(Cl)c(F)cc1Cl,CCN(CC)CC,O=S(=O)([O-])C(F)(F)F.O=S(=O)([O-])C(F)(F)F.[Cu+2],CC#N,COc1ccc(B(O)O)cc1.NS(=O)(=O)c1cc(Cl)c(F)cc1Cl
NS(=O)(=O)c1cc(Cl)c(F)cc1Cl,COc1ccc(B(O)O)cc1.NS(=O)(=O)c1cc(Cl)c(F)cc1Cl,O=P([O-])([O-])[O-].[K+].O=S(=O)([O-])C(F)(F)F.[Cu+2].CO,COc1ccc(NS(=O)(=O)c2cc(Cl)c(F)cc2Cl)cc1,COc1ccc(N(c2ccc(OC)cc2)S(=O)(=O)c2cc(Cl)c(F)cc2Cl)cc1,COc1ccc(B(O)O)cc1,NS(=O)(=O)c1cc(Cl)c(F)cc1Cl,O=P([O-])([O-])[O-].[K+].[K+].[K+],O=S(=O)([O-])C(F)(F)F.O=S(=O)([O-])C(F)(F)F.[Cu+2],CO,COc1ccc(B(O)O)cc1.NS(=O)(=O)c1cc(Cl)c(F)cc1Cl
NS(=O)(=O)c1cc(Cl)c(F)cc1Cl,COc1ccc(B(O)O)cc1.NS(=O)(=O)c1cc(Cl)c(F)cc1Cl,CCN(C(C)C)C(C)C.CC(=O)[O-].[Cu+2].ClCCCl,COc1ccc(NS(=O)(=O)c2cc(Cl)c(F)cc2Cl)cc1,COc1ccc(N(c2ccc(OC)cc2)S(=O)(=O)c2cc(Cl)c(F)cc2Cl)cc1,COc1ccc(B(O)O)cc1,NS(=O)(=O)c1cc(Cl)c(F)cc1Cl,CCN(C(C)C)C(C)C,CC(=O)[O-].CC(=O)[O-].[Cu+2],ClCCCl,COc1ccc(B(O)O)cc1.NS(=O)(=O)c1cc(Cl)c(F)cc1Cl
NS(=O)(=O)c1cc(Cl)c(F)cc1Cl,COc1ccc(B(O)O)cc1.NS(=O)(=O)c1cc(Cl)c(F)cc1Cl,CCN(CC)CC.CC(=O)[O-].[Cu+2].CO,COc1ccc(NS(=O)(=O)c2cc(Cl)c(F)cc2Cl)cc1,COc1ccc(N(c2ccc(OC)cc2)S(=O)(=O)c2cc(Cl)c(F)cc2Cl)cc1,COc1ccc(B(O)O)cc1,NS(=O)(=O)c1cc(Cl)c(F)cc1Cl,CCN(CC)CC,CC(=O)[O-].CC(=O)[O-].[Cu+2],CO,COc1ccc(B(O)O)cc1.NS(=O)(=O)c1cc(Cl)c(F)cc1Cl
NS(=O)(=O)c1cc(Cl)c(F)cc1Cl,COc1ccc(B(O)O)cc1.NS(=O)(=O)c1cc(Cl)c(F)cc1Cl,CN(C)CCN(C)C.[Cl-].[Cu+2].[OH-].CCOC(C)=O,COc1ccc(NS(=O)(=O)c2cc(Cl)c(F)cc2Cl)cc1,COc1ccc(N(c2ccc(OC)cc2)S(=O)(=O)c2cc(Cl)c(F)cc2Cl)cc1,COc1ccc(B(O)O)cc1,NS(=O)(=O)c1cc(Cl)c(F)cc1Cl,,CN(C)CCN(C)C.CN(C)CCN(C)C.[Cl-].[Cl-].[Cu+2].[Cu+2].[OH-].[OH-],CCOC(C)=O,COc1ccc(B(O)O)cc1.NS(=O)(=O)c1cc(Cl)c(F)cc1Cl
NS(=O)(=O)c1cc(Cl)c(F)cc1Cl,COc1ccc(B(O)O)cc1.NS(=O)(=O)c1cc(Cl)c(F)cc1Cl,O=P([O-])([O-])[O-].[K+].O=S(=O)([O-])C(F)(F)F.[Cu+2].CCOC(C)=O,COc1ccc(NS(=O)(=O)c2cc(Cl)c(F)cc2Cl)cc1,COc1ccc(N(c2ccc(OC)cc2)S(=O)(=O)c2cc(Cl)c(F)cc2Cl)cc1,COc1ccc(B(O)O)cc1,NS(=O)(=O)c1cc(Cl)c(F)cc1Cl,O=P([O-])([O-])[O-].[K+].[K+].[K+],O=S(=O)([O-])C(F)(F)F.O=S(=O)([O-])C(F)(F)F.[Cu+2],CCOC(C)=O,COc1ccc(B(O)O)cc1.NS(=O)(=O)c1cc(Cl)c(F)cc1Cl
NS(=O)(=O)c1cc(Cl)c(F)cc1Cl,COc1ccc(B(O)O)cc1.NS(=O)(=O)c1cc(Cl)c(F)cc1Cl,O=C([O-])[O-].[K+].CC(=O)[O-].[Cu+2].CO,COc1ccc(NS(=O)(=O)c2cc(Cl)c(F)cc2Cl)cc1,COc1ccc(N(c2ccc(OC)cc2)S(=O)(=O)c2cc(Cl)c(F)cc2Cl)cc1,COc1ccc(B(O)O)cc1,NS(=O)(=O)c1cc(Cl)c(F)cc1Cl,O=C([O-])[O-].[K+].[K+],CC(=O)[O-].CC(=O)[O-].[Cu+2],CO,COc1ccc(B(O)O)cc1.NS(=O)(=O)c1cc(Cl)c(F)cc1Cl
COC(=O)c1cc(Br)cc(S(N)(=O)=O)c1,OB(O)c1ccc(C(F)(F)F)cc1.COC(=O)c1cc(Br)cc(S(N)(=O)=O)c1,CCN(C(C)C)C(C)C.CN(C)CCN(C)C.[Cl-].[Cu+2].[OH-].ClCCCl,COC(=O)c1cc(Br)cc(S(=O)(=O)Nc2ccc(C(F)(F)F)cc2)c1,COC(=O)c1cc(Br)cc(S(=O)(=O)N(c2ccc(C(F)(F)F)cc2)c2ccc(C(F)(F)F)cc2)c1,OB(O)c1ccc(C(F)(F)F)cc1,COC(=O)c1cc(Br)cc(S(N)(=O)=O)c1,CCN(C(C)C)C(C)C,CN(C)CCN(C)C.CN(C)CCN(C)C.[Cl-].[Cl-].[Cu+2].[Cu+2].[OH-].[OH-],ClCCCl,COC(=O)c1cc(Br)cc(S(N)(=O)=O)c1.OB(O)c1ccc(C(F)(F)F)cc1
COC(=O)c1cc(Br)cc(S(N)(=O)=O)c1,COc1ccc(B(O)O)cc1.COC(=O)c1cc(Br)cc(S(N)(=O)=O)c1,CCN(CC)CC.CC#N.F[P-](F)(F)(F)(F)F.[Cu+].CCOC(C)=O,COC(=O)c1cc(Br)cc(S(=O)(=O)Nc2ccc(OC)cc2)c1,COC(=O)c1cc(Br)cc(S(=O)(=O)N(c2ccc(OC)cc2)c2ccc(OC)cc2)c1,COc1ccc(B(O)O)cc1,COC(=O)c1cc(Br)cc(S(N)(=O)=O)c1,CCN(CC)CC,CC#N.CC#N.CC#N.CC#N.F[P-](F)(F)(F)(F)F.[Cu+],CCOC(C)=O,COC(=O)c1cc(Br)cc(S(N)(=O)=O)c1.COc1ccc(B(O)O)cc1
COC(=O)c1cc(Br)cc(S(N)(=O)=O)c1,OB(O)c1ccc(C(F)(F)F)cc1.COC(=O)c1cc(Br)cc(S(N)(=O)=O)c1,CC#N.F[P-](F)(F)(F)(F)F.[Cu+].CO,COC(=O)c1cc(Br)cc(S(=O)(=O)Nc2ccc(C(F)(F)F)cc2)c1,COC(=O)c1cc(Br)cc(S(=O)(=O)N(c2ccc(C(F)(F)F)cc2)c2ccc(C(F)(F)F)cc2)c1,OB(O)c1ccc(C(F)(F)F)cc1,COC(=O)c1cc(Br)cc(S(N)(=O)=O)c1,,CC#N.CC#N.CC#N.CC#N.F[P-](F)(F)(F)(F)F.[Cu+],CO,COC(=O)c1cc(Br)cc(S(N)(=O)=O)c1.OB(O)c1ccc(C(F)(F)F)cc1
COC(=O)c1cc(Br)cc(S(N)(=O)=O)c1,OB(O)c1ccc(C(F)(F)F)cc1.COC(=O)c1cc(Br)cc(S(N)(=O)=O)c1,CCN(C(C)C)C(C)C.CC(=O)[O-].[Cu+2].CCOC(C)=O,COC(=O)c1cc(Br)cc(S(=O)(=O)Nc2ccc(C(F)(F)F)cc2)c1,COC(=O)c1cc(Br)cc(S(=O)(=O)N(c2ccc(C(F)(F)F)cc2)c2ccc(C(F)(F)F)cc2)c1,OB(O)c1ccc(C(F)(F)F)cc1,COC(=O)c1cc(Br)cc(S(N)(=O)=O)c1,CCN(C(C)C)C(C)C,CC(=O)[O-].CC(=O)[O-].[Cu+2],CCOC(C)=O,COC(=O)c1cc(Br)cc(S(N)(=O)=O)c1.OB(O)c1ccc(C(F)(F)F)cc1
COC(=O)c1cc(Br)cc(S(N)(=O)=O)c1,OB(O)c1ccc(C(F)(F)F)cc1.COC(=O)c1cc(Br)cc(S(N)(=O)=O)c1,O=C([O-])[O-].[K+].CC#N.F[P-](F)(F)(F)(F)F.[Cu+].CO,COC(=O)c1cc(Br)cc(S(=O)(=O)Nc2ccc(C(F)(F)F)cc2)c1,COC(=O)c1cc(Br)cc(S(=O)(=O)N(c2ccc(C(F)(F)F)cc2)c2ccc(C(F)(F)F)cc2)c1,OB(O)c1ccc(C(F)(F)F)cc1,COC(=O)c1cc(Br)cc(S(N)(=O)=O)c1,O=C([O-])[O-].[K+].[K+],CC#N.CC#N.CC#N.CC#N.F[P-](F)(F)(F)(F)F.[Cu+],CO,COC(=O)c1cc(Br)cc(S(N)(=O)=O)c1.OB(O)c1ccc(C(F)(F)F)cc1
COC(=O)c1cc(Br)cc(S(N)(=O)=O)c1,COc1ccc(B(O)O)cc1.COC(=O)c1cc(Br)cc(S(N)(=O)=O)c1,O=S(=O)([O-])C(F)(F)F.[Cu+2].CCOC(C)=O,COC(=O)c1cc(Br)cc(S(=O)(=O)Nc2ccc(OC)cc2)c1,COC(=O)c1cc(Br)cc(S(=O)(=O)N(c2ccc(OC)cc2)c2ccc(OC)cc2)c1,COc1ccc(B(O)O)cc1,COC(=O)c1cc(Br)cc(S(N)(=O)=O)c1,,O=S(=O)([O-])C(F)(F)F.O=S(=O)([O-])C(F)(F)F.[Cu+2],CCOC(C)=O,COC(=O)c1cc(Br)cc(S(N)(=O)=O)c1.COc1ccc(B(O)O)cc1
COC(=O)c1cc(Br)cc(S(N)(=O)=O)c1,COc1ccc(B(O)O)cc1.COC(=O)c1cc(Br)cc(S(N)(=O)=O)c1,O=C([O-])[O-].[K+].CC#N.F[P-](F)(F)(F)(F)F.[Cu+].CCOC(C)=O,COC(=O)c1cc(Br)cc(S(=O)(=O)Nc2ccc(OC)cc2)c1,COC(=O)c1cc(Br)cc(S(=O)(=O)N(c2ccc(OC)cc2)c2ccc(OC)cc2)c1,COc1ccc(B(O)O)cc1,COC(=O)c1cc(Br)cc(S(N)(=O)=O)c1,O=C([O-])[O-].[K+].[K+],CC#N.CC#N.CC#N.CC#N.F[P-](F)(F)(F)(F)F.[Cu+],CCOC(C)=O,COC(=O)c1cc(Br)cc(S(N)(=O)=O)c1.COc1ccc(B(O)O)cc1
COC(=O)c1cc(Br)cc(S(N)(=O)=O)c1,COc1ccc(B(O)O)cc1.COC(=O)c1cc(Br)cc(S(N)(=O)=O)c1,CCN(CC)CC.O=S(=O)([O-])C(F)(F)F.[Cu+2].CO,COC(=O)c1cc(Br)cc(S(=O)(=O)Nc2ccc(OC)cc2)c1,COC(=O)c1cc(Br)cc(S(=O)(=O)N(c2ccc(OC)cc2)c2ccc(OC)cc2)c1,COc1ccc(B(O)O)cc1,COC(=O)c1cc(Br)cc(S(N)(=O)=O)c1,CCN(CC)CC,O=S(=O)([O-])C(F)(F)F.O=S(=O)([O-])C(F)(F)F.[Cu+2],CO,COC(=O)c1cc(Br)cc(S(N)(=O)=O)c1.COc1ccc(B(O)O)cc1
COC(=O)c1cc(Br)cc(S(N)(=O)=O)c1,OB(O)c1ccc(C(F)(F)F)cc1.COC(=O)c1cc(Br)cc(S(N)(=O)=O)c1,CN(C)c1ccncc1.CN(C)CCN(C)C.[Cl-].[Cu+2].[OH-].CO,COC(=O)c1cc(Br)cc(S(=O)(=O)Nc2ccc(C(F)(F)F)cc2)c1,COC(=O)c1cc(Br)cc(S(=O)(=O)N(c2ccc(C(F)(F)F)cc2)c2ccc(C(F)(F)F)cc2)c1,OB(O)c1ccc(C(F)(F)F)cc1,COC(=O)c1cc(Br)cc(S(N)(=O)=O)c1,CN(C)c1ccncc1,CN(C)CCN(C)C.CN(C)CCN(C)C.[Cl-].[Cl-].[Cu+2].[Cu+2].[OH-].[OH-],CO,COC(=O)c1cc(Br)cc(S(N)(=O)=O)c1.OB(O)c1ccc(C(F)(F)F)cc1
COC(=O)c1cc(Br)cc(S(N)(=O)=O)c1,OB(O)c1ccc(C(F)(F)F)cc1.COC(=O)c1cc(Br)cc(S(N)(=O)=O)c1,CC#N.F[P-](F)(F)(F)(F)F.[Cu+],COC(=O)c1cc(Br)cc(S(=O)(=O)Nc2ccc(C(F)(F)F)cc2)c1,COC(=O)c1cc(Br)cc(S(=O)(=O)N(c2ccc(C(F)(F)F)cc2)c2ccc(C(F)(F)F)cc2)c1,OB(O)c1ccc(C(F)(F)F)cc1,COC(=O)c1cc(Br)cc(S(N)(=O)=O)c1,,CC#N.CC#N.CC#N.CC#N.F[P-](F)(F)(F)(F)F.[Cu+],CC#N,COC(=O)c1cc(Br)cc(S(N)(=O)=O)c1.OB(O)c1ccc(C(F)(F)F)cc1
COC(=O)c1cc(Br)cc(S(N)(=O)=O)c1,OB(O)c1ccc(C(F)(F)F)cc1.COC(=O)c1cc(Br)cc(S(N)(=O)=O)c1,O=C([O-])[O-].[K+].CC#N.F[P-](F)(F)(F)(F)F.[Cu+].CO,COC(=O)c1cc(Br)cc(S(=O)(=O)Nc2ccc(C(F)(F)F)cc2)c1,COC(=O)c1cc(Br)cc(S(=O)(=O)N(c2ccc(C(F)(F)F)cc2)c2ccc(C(F)(F)F)cc2)c1,OB(O)c1ccc(C(F)(F)F)cc1,COC(=O)c1cc(Br)cc(S(N)(=O)=O)c1,O=C([O-])[O-].[K+].[K+],CC#N.CC#N.CC#N.CC#N.F[P-](F)(F)(F)(F)F.[Cu+],CO,COC(=O)c1cc(Br)cc(S(N)(=O)=O)c1.OB(O)c1ccc(C(F)(F)F)cc1
COC(=O)c1cc(Br)cc(S(N)(=O)=O)c1,OB(O)c1ccc(C(F)(F)F)cc1.COC(=O)c1cc(Br)cc(S(N)(=O)=O)c1,O=P([O-])([O-])[O-].[K+].CN(C)CCN(C)C.[Cl-].[Cu+2].[OH-].CCOC(C)=O,COC(=O)c1cc(Br)cc(S(=O)(=O)Nc2ccc(C(F)(F)F)cc2)c1,COC(=O)c1cc(Br)cc(S(=O)(=O)N(c2ccc(C(F)(F)F)cc2)c2ccc(C(F)(F)F)cc2)c1,OB(O)c1ccc(C(F)(F)F)cc1,COC(=O)c1cc(Br)cc(S(N)(=O)=O)c1,O=P([O-])([O-])[O-].[K+].[K+].[K+],CN(C)CCN(C)C.CN(C)CCN(C)C.[Cl-].[Cl-].[Cu+2].[Cu+2].[OH-].[OH-],CCOC(C)=O,COC(=O)c1cc(Br)cc(S(N)(=O)=O)c1.OB(O)c1ccc(C(F)(F)F)cc1
COC(=O)c1cc(Br)cc(S(N)(=O)=O)c1,OB(O)c1ccc(C(F)(F)F)cc1.COC(=O)c1cc(Br)cc(S(N)(=O)=O)c1,CN(C)c1ccncc1.O=S(=O)([O-])C(F)(F)F.[Cu+2].CCOC(C)=O,COC(=O)c1cc(Br)cc(S(=O)(=O)Nc2ccc(C(F)(F)F)cc2)c1,COC(=O)c1cc(Br)cc(S(=O)(=O)N(c2ccc(C(F)(F)F)cc2)c2ccc(C(F)(F)F)cc2)c1,OB(O)c1ccc(C(F)(F)F)cc1,COC(=O)c1cc(Br)cc(S(N)(=O)=O)c1,CN(C)c1ccncc1,O=S(=O)([O-])C(F)(F)F.O=S(=O)([O-])C(F)(F)F.[Cu+2],CCOC(C)=O,COC(=O)c1cc(Br)cc(S(N)(=O)=O)c1.OB(O)c1ccc(C(F)(F)F)cc1
COC(=O)c1cc(Br)cc(S(N)(=O)=O)c1,COc1ccc(B(O)O)cc1.COC(=O)c1cc(Br)cc(S(N)(=O)=O)c1,CN(C)CCN(C)C.[Cl-].[Cu+2].[OH-].CCOC(C)=O,COC(=O)c1cc(Br)cc(S(=O)(=O)Nc2ccc(OC)cc2)c1,COC(=O)c1cc(Br)cc(S(=O)(=O)N(c2ccc(OC)cc2)c2ccc(OC)cc2)c1,COc1ccc(B(O)O)cc1,COC(=O)c1cc(Br)cc(S(N)(=O)=O)c1,,CN(C)CCN(C)C.CN(C)CCN(C)C.[Cl-].[Cl-].[Cu+2].[Cu+2].[OH-].[OH-],CCOC(C)=O,COC(=O)c1cc(Br)cc(S(N)(=O)=O)c1.COc1ccc(B(O)O)cc1
COC(=O)c1cc(Br)cc(S(N)(=O)=O)c1,COc1ccc(B(O)O)cc1.COC(=O)c1cc(Br)cc(S(N)(=O)=O)c1,CCN(C(C)C)C(C)C.CN(C)CCN(C)C.[Cl-].[Cu+2].[OH-].CCOC(C)=O,COC(=O)c1cc(Br)cc(S(=O)(=O)Nc2ccc(OC)cc2)c1,COC(=O)c1cc(Br)cc(S(=O)(=O)N(c2ccc(OC)cc2)c2ccc(OC)cc2)c1,COc1ccc(B(O)O)cc1,COC(=O)c1cc(Br)cc(S(N)(=O)=O)c1,CCN(C(C)C)C(C)C,CN(C)CCN(C)C.CN(C)CCN(C)C.[Cl-].[Cl-].[Cu+2].[Cu+2].[OH-].[OH-],CCOC(C)=O,COC(=O)c1cc(Br)cc(S(N)(=O)=O)c1.COc1ccc(B(O)O)cc1
COC(=O)c1cc(Br)cc(S(N)(=O)=O)c1,COc1ccc(B(O)O)cc1.COC(=O)c1cc(Br)cc(S(N)(=O)=O)c1,O=P([O-])([O-])[O-].[K+].CN(C)CCN(C)C.[Cl-].[Cu+2].[OH-].CCOC(C)=O,COC(=O)c1cc(Br)cc(S(=O)(=O)Nc2ccc(OC)cc2)c1,COC(=O)c1cc(Br)cc(S(=O)(=O)N(c2ccc(OC)cc2)c2ccc(OC)cc2)c1,COc1ccc(B(O)O)cc1,COC(=O)c1cc(Br)cc(S(N)(=O)=O)c1,O=P([O-])([O-])[O-].[K+].[K+].[K+],CN(C)CCN(C)C.CN(C)CCN(C)C.[Cl-].[Cl-].[Cu+2].[Cu+2].[OH-].[OH-],CCOC(C)=O,COC(=O)c1cc(Br)cc(S(N)(=O)=O)c1.COc1ccc(B(O)O)cc1
COC(=O)c1cc(Br)cc(S(N)(=O)=O)c1,COc1ccc(B(O)O)cc1.COC(=O)c1cc(Br)cc(S(N)(=O)=O)c1,O=S(=O)([O-])C(F)(F)F.[Cu+2].CC#N,COC(=O)c1cc(Br)cc(S(=O)(=O)Nc2ccc(OC)cc2)c1,COC(=O)c1cc(Br)cc(S(=O)(=O)N(c2ccc(OC)cc2)c2ccc(OC)cc2)c1,COc1ccc(B(O)O)cc1,COC(=O)c1cc(Br)cc(S(N)(=O)=O)c1,,O=S(=O)([O-])C(F)(F)F.O=S(=O)([O-])C(F)(F)F.[Cu+2],CC#N,COC(=O)c1cc(Br)cc(S(N)(=O)=O)c1.COc1ccc(B(O)O)cc1
COC(=O)c1cc(Br)cc(S(N)(=O)=O)c1,COc1ccc(B(O)O)cc1.COC(=O)c1cc(Br)cc(S(N)(=O)=O)c1,CN(C)c1ccncc1.CC(=O)[O-].[Cu+2].CC#N,COC(=O)c1cc(Br)cc(S(=O)(=O)Nc2ccc(OC)cc2)c1,COC(=O)c1cc(Br)cc(S(=O)(=O)N(c2ccc(OC)cc2)c2ccc(OC)cc2)c1,COc1ccc(B(O)O)cc1,COC(=O)c1cc(Br)cc(S(N)(=O)=O)c1,CN(C)c1ccncc1,CC(=O)[O-].CC(=O)[O-].[Cu+2],CC#N,COC(=O)c1cc(Br)cc(S(N)(=O)=O)c1.COc1ccc(B(O)O)cc1
NS(=O)(=O)c1cccc(F)n1,OB(O)c1ccc(C(F)(F)F)cc1.NS(=O)(=O)c1cccc(F)n1,CC(=O)[O-].[Cu+2].CO,O=S(=O)(Nc1ccc(C(F)(F)F)cc1)c1cccc(F)n1,O=S(=O)(c1cccc(F)n1)N(c1ccc(C(F)(F)F)cc1)c1ccc(C(F)(F)F)cc1,OB(O)c1ccc(C(F)(F)F)cc1,NS(=O)(=O)c1cccc(F)n1,,CC(=O)[O-].CC(=O)[O-].[Cu+2],CO,NS(=O)(=O)c1cccc(F)n1.OB(O)c1ccc(C(F)(F)F)cc1
NS(=O)(=O)c1cccc(F)n1,COc1ccc(B(O)O)cc1.NS(=O)(=O)c1cccc(F)n1,O=S(=O)([O-])C(F)(F)F.[Cu+2].CC#N,COc1ccc(NS(=O)(=O)c2cccc(F)n2)cc1,COc1ccc(N(c2ccc(OC)cc2)S(=O)(=O)c2cccc(F)n2)cc1,COc1ccc(B(O)O)cc1,NS(=O)(=O)c1cccc(F)n1,,O=S(=O)([O-])C(F)(F)F.O=S(=O)([O-])C(F)(F)F.[Cu+2],CC#N,COc1ccc(B(O)O)cc1.NS(=O)(=O)c1cccc(F)n1
NS(=O)(=O)c1cccc(F)n1,COc1ccc(B(O)O)cc1.NS(=O)(=O)c1cccc(F)n1,O=C([O-])[O-].[K+].CC#N.F[P-](F)(F)(F)(F)F.[Cu+],COc1ccc(NS(=O)(=O)c2cccc(F)n2)cc1,COc1ccc(N(c2ccc(OC)cc2)S(=O)(=O)c2cccc(F)n2)cc1,COc1ccc(B(O)O)cc1,NS(=O)(=O)c1cccc(F)n1,O=C([O-])[O-].[K+].[K+],CC#N.CC#N.CC#N.CC#N.F[P-](F)(F)(F)(F)F.[Cu+],CC#N,COc1ccc(B(O)O)cc1.NS(=O)(=O)c1cccc(F)n1
NS(=O)(=O)c1cccc(F)n1,OB(O)c1ccc(C(F)(F)F)cc1.NS(=O)(=O)c1cccc(F)n1,O=C([O-])[O-].[K+].O=S(=O)([O-])C(F)(F)F.[Cu+2].ClCCCl,O=S(=O)(Nc1ccc(C(F)(F)F)cc1)c1cccc(F)n1,O=S(=O)(c1cccc(F)n1)N(c1ccc(C(F)(F)F)cc1)c1ccc(C(F)(F)F)cc1,OB(O)c1ccc(C(F)(F)F)cc1,NS(=O)(=O)c1cccc(F)n1,O=C([O-])[O-].[K+].[K+],O=S(=O)([O-])C(F)(F)F.O=S(=O)([O-])C(F)(F)F.[Cu+2],ClCCCl,NS(=O)(=O)c1cccc(F)n1.OB(O)c1ccc(C(F)(F)F)cc1
NS(=O)(=O)c1cccc(F)n1,OB(O)c1ccc(C(F)(F)F)cc1.NS(=O)(=O)c1cccc(F)n1,O=C([O-])[O-].[K+].CN(C)CCN(C)C.[Cl-].[Cu+2].[OH-].CO,O=S(=O)(Nc1ccc(C(F)(F)F)cc1)c1cccc(F)n1,O=S(=O)(c1cccc(F)n1)N(c1ccc(C(F)(F)F)cc1)c1ccc(C(F)(F)F)cc1,OB(O)c1ccc(C(F)(F)F)cc1,NS(=O)(=O)c1cccc(F)n1,O=C([O-])[O-].[K+].[K+],CN(C)CCN(C)C.CN(C)CCN(C)C.[Cl-].[Cl-].[Cu+2].[Cu+2].[OH-].[OH-],CO,NS(=O)(=O)c1cccc(F)n1.OB(O)c1ccc(C(F)(F)F)cc1
NS(=O)(=O)c1cccc(F)n1,COc1ccc(B(O)O)cc1.NS(=O)(=O)c1cccc(F)n1,CCN(C(C)C)C(C)C.CC#N.F[P-](F)(F)(F)(F)F.[Cu+].CO,COc1ccc(NS(=O)(=O)c2cccc(F)n2)cc1,COc1ccc(N(c2ccc(OC)cc2)S(=O)(=O)c2cccc(F)n2)cc1,COc1ccc(B(O)O)cc1,NS(=O)(=O)c1cccc(F)n1,CCN(C(C)C)C(C)C,CC#N.CC#N.CC#N.CC#N.F[P-](F)(F)(F)(F)F.[Cu+],CO,COc1ccc(B(O)O)cc1.NS(=O)(=O)c1cccc(F)n1
NS(=O)(=O)c1cccc(F)n1,COc1ccc(B(O)O)cc1.NS(=O)(=O)c1cccc(F)n1,CCN(C(C)C)C(C)C.CC#N.F[P-](F)(F)(F)(F)F.[Cu+].CO,COc1ccc(NS(=O)(=O)c2cccc(F)n2)cc1,COc1ccc(N(c2ccc(OC)cc2)S(=O)(=O)c2cccc(F)n2)cc1,COc1ccc(B(O)O)cc1,NS(=O)(=O)c1cccc(F)n1,CCN(C(C)C)C(C)C,CC#N.CC#N.CC#N.CC#N.F[P-](F)(F)(F)(F)F.[Cu+],CO,COc1ccc(B(O)O)cc1.NS(=O)(=O)c1cccc(F)n1
NS(=O)(=O)c1cccc(F)n1,OB(O)c1ccc(C(F)(F)F)cc1.NS(=O)(=O)c1cccc(F)n1,CN(C)c1ccncc1.CC(=O)[O-].[Cu+2].ClCCCl,O=S(=O)(Nc1ccc(C(F)(F)F)cc1)c1cccc(F)n1,O=S(=O)(c1cccc(F)n1)N(c1ccc(C(F)(F)F)cc1)c1ccc(C(F)(F)F)cc1,OB(O)c1ccc(C(F)(F)F)cc1,NS(=O)(=O)c1cccc(F)n1,CN(C)c1ccncc1,CC(=O)[O-].CC(=O)[O-].[Cu+2],ClCCCl,NS(=O)(=O)c1cccc(F)n1.OB(O)c1ccc(C(F)(F)F)cc1
NS(=O)(=O)c1cccc(F)n1,COc1ccc(B(O)O)cc1.NS(=O)(=O)c1cccc(F)n1,O=P([O-])([O-])[O-].[K+].O=S(=O)([O-])C(F)(F)F.[Cu+2].CC#N,COc1ccc(NS(=O)(=O)c2cccc(F)n2)cc1,COc1ccc(N(c2ccc(OC)cc2)S(=O)(=O)c2cccc(F)n2)cc1,COc1ccc(B(O)O)cc1,NS(=O)(=O)c1cccc(F)n1,O=P([O-])([O-])[O-].[K+].[K+].[K+],O=S(=O)([O-])C(F)(F)F.O=S(=O)([O-])C(F)(F)F.[Cu+2],CC#N,COc1ccc(B(O)O)cc1.NS(=O)(=O)c1cccc(F)n1
NS(=O)(=O)c1cccc(F)n1,OB(O)c1ccc(C(F)(F)F)cc1.NS(=O)(=O)c1cccc(F)n1,CN(C)c1ccncc1.O=S(=O)([O-])C(F)(F)F.[Cu+2].CCOC(C)=O,O=S(=O)(Nc1ccc(C(F)(F)F)cc1)c1cccc(F)n1,O=S(=O)(c1cccc(F)n1)N(c1ccc(C(F)(F)F)cc1)c1ccc(C(F)(F)F)cc1,OB(O)c1ccc(C(F)(F)F)cc1,NS(=O)(=O)c1cccc(F)n1,CN(C)c1ccncc1,O=S(=O)([O-])C(F)(F)F.O=S(=O)([O-])C(F)(F)F.[Cu+2],CCOC(C)=O,NS(=O)(=O)c1cccc(F)n1.OB(O)c1ccc(C(F)(F)F)cc1
NS(=O)(=O)c1cccc(F)n1,COc1ccc(B(O)O)cc1.NS(=O)(=O)c1cccc(F)n1,CC#N.F[P-](F)(F)(F)(F)F.[Cu+].CCOC(C)=O,COc1ccc(NS(=O)(=O)c2cccc(F)n2)cc1,COc1ccc(N(c2ccc(OC)cc2)S(=O)(=O)c2cccc(F)n2)cc1,COc1ccc(B(O)O)cc1,NS(=O)(=O)c1cccc(F)n1,,CC#N.CC#N.CC#N.CC#N.F[P-](F)(F)(F)(F)F.[Cu+],CCOC(C)=O,COc1ccc(B(O)O)cc1.NS(=O)(=O)c1cccc(F)n1
NS(=O)(=O)c1cccc(F)n1,COc1ccc(B(O)O)cc1.NS(=O)(=O)c1cccc(F)n1,O=C([O-])[O-].[K+].CC(=O)[O-].[Cu+2].CC#N,COc1ccc(NS(=O)(=O)c2cccc(F)n2)cc1,COc1ccc(N(c2ccc(OC)cc2)S(=O)(=O)c2cccc(F)n2)cc1,COc1ccc(B(O)O)cc1,NS(=O)(=O)c1cccc(F)n1,O=C([O-])[O-].[K+].[K+],CC(=O)[O-].CC(=O)[O-].[Cu+2],CC#N,COc1ccc(B(O)O)cc1.NS(=O)(=O)c1cccc(F)n1
NS(=O)(=O)c1cccc(F)n1,OB(O)c1ccc(C(F)(F)F)cc1.NS(=O)(=O)c1cccc(F)n1,CN(C)c1ccncc1.O=S(=O)([O-])C(F)(F)F.[Cu+2].CO,O=S(=O)(Nc1ccc(C(F)(F)F)cc1)c1cccc(F)n1,O=S(=O)(c1cccc(F)n1)N(c1ccc(C(F)(F)F)cc1)c1ccc(C(F)(F)F)cc1,OB(O)c1ccc(C(F)(F)F)cc1,NS(=O)(=O)c1cccc(F)n1,CN(C)c1ccncc1,O=S(=O)([O-])C(F)(F)F.O=S(=O)([O-])C(F)(F)F.[Cu+2],CO,NS(=O)(=O)c1cccc(F)n1.OB(O)c1ccc(C(F)(F)F)cc1
NS(=O)(=O)c1cccc(F)n1,COc1ccc(B(O)O)cc1.NS(=O)(=O)c1cccc(F)n1,O=C([O-])[O-].[K+].O=S(=O)([O-])C(F)(F)F.[Cu+2].CO,COc1ccc(NS(=O)(=O)c2cccc(F)n2)cc1,COc1ccc(N(c2ccc(OC)cc2)S(=O)(=O)c2cccc(F)n2)cc1,COc1ccc(B(O)O)cc1,NS(=O)(=O)c1cccc(F)n1,O=C([O-])[O-].[K+].[K+],O=S(=O)([O-])C(F)(F)F.O=S(=O)([O-])C(F)(F)F.[Cu+2],CO,COc1ccc(B(O)O)cc1.NS(=O)(=O)c1cccc(F)n1
NS(=O)(=O)c1cccc(F)n1,OB(O)c1ccc(C(F)(F)F)cc1.NS(=O)(=O)c1cccc(F)n1,O=C([O-])[O-].[K+].CC#N.F[P-](F)(F)(F)(F)F.[Cu+].ClCCCl,O=S(=O)(Nc1ccc(C(F)(F)F)cc1)c1cccc(F)n1,O=S(=O)(c1cccc(F)n1)N(c1ccc(C(F)(F)F)cc1)c1ccc(C(F)(F)F)cc1,OB(O)c1ccc(C(F)(F)F)cc1,NS(=O)(=O)c1cccc(F)n1,O=C([O-])[O-].[K+].[K+],CC#N.CC#N.CC#N.CC#N.F[P-](F)(F)(F)(F)F.[Cu+],ClCCCl,NS(=O)(=O)c1cccc(F)n1.OB(O)c1ccc(C(F)(F)F)cc1
NS(=O)(=O)c1cccc(F)n1,OB(O)c1ccc(C(F)(F)F)cc1.NS(=O)(=O)c1cccc(F)n1,O=C([O-])[O-].[K+].CN(C)CCN(C)C.[Cl-].[Cu+2].[OH-].CC#N,O=S(=O)(Nc1ccc(C(F)(F)F)cc1)c1cccc(F)n1,O=S(=O)(c1cccc(F)n1)N(c1ccc(C(F)(F)F)cc1)c1ccc(C(F)(F)F)cc1,OB(O)c1ccc(C(F)(F)F)cc1,NS(=O)(=O)c1cccc(F)n1,O=C([O-])[O-].[K+].[K+],CN(C)CCN(C)C.CN(C)CCN(C)C.[Cl-].[Cl-].[Cu+2].[Cu+2].[OH-].[OH-],CC#N,NS(=O)(=O)c1cccc(F)n1.OB(O)c1ccc(C(F)(F)F)cc1
NS(=O)(=O)c1cccc(F)n1,OB(O)c1ccc(C(F)(F)F)cc1.NS(=O)(=O)c1cccc(F)n1,CN(C)c1ccncc1.CN(C)CCN(C)C.[Cl-].[Cu+2].[OH-].CC#N,O=S(=O)(Nc1ccc(C(F)(F)F)cc1)c1cccc(F)n1,O=S(=O)(c1cccc(F)n1)N(c1ccc(C(F)(F)F)cc1)c1ccc(C(F)(F)F)cc1,OB(O)c1ccc(C(F)(F)F)cc1,NS(=O)(=O)c1cccc(F)n1,CN(C)c1ccncc1,CN(C)CCN(C)C.CN(C)CCN(C)C.[Cl-].[Cl-].[Cu+2].[Cu+2].[OH-].[OH-],CC#N,NS(=O)(=O)c1cccc(F)n1.OB(O)c1ccc(C(F)(F)F)cc1
NS(=O)(=O)c1cccc(F)n1,COc1ccc(B(O)O)cc1.NS(=O)(=O)c1cccc(F)n1,CN(C)CCN(C)C.[Cl-].[Cu+2].[OH-].CCOC(C)=O,COc1ccc(NS(=O)(=O)c2cccc(F)n2)cc1,COc1ccc(N(c2ccc(OC)cc2)S(=O)(=O)c2cccc(F)n2)cc1,COc1ccc(B(O)O)cc1,NS(=O)(=O)c1cccc(F)n1,,CN(C)CCN(C)C.CN(C)CCN(C)C.[Cl-].[Cl-].[Cu+2].[Cu+2].[OH-].[OH-],CCOC(C)=O,COc1ccc(B(O)O)cc1.NS(=O)(=O)c1cccc(F)n1
NS(=O)(=O)c1cccc(F)n1,OB(O)c1ccc(C(F)(F)F)cc1.NS(=O)(=O)c1cccc(F)n1,CCN(C(C)C)C(C)C.O=S(=O)([O-])C(F)(F)F.[Cu+2].CC#N,O=S(=O)(Nc1ccc(C(F)(F)F)cc1)c1cccc(F)n1,O=S(=O)(c1cccc(F)n1)N(c1ccc(C(F)(F)F)cc1)c1ccc(C(F)(F)F)cc1,OB(O)c1ccc(C(F)(F)F)cc1,NS(=O)(=O)c1cccc(F)n1,CCN(C(C)C)C(C)C,O=S(=O)([O-])C(F)(F)F.O=S(=O)([O-])C(F)(F)F.[Cu+2],CC#N,NS(=O)(=O)c1cccc(F)n1.OB(O)c1ccc(C(F)(F)F)cc1
NS(=O)(=O)c1cccc(F)n1,COc1ccc(B(O)O)cc1.NS(=O)(=O)c1cccc(F)n1,CCN(CC)CC.O=S(=O)([O-])C(F)(F)F.[Cu+2].ClCCCl,COc1ccc(NS(=O)(=O)c2cccc(F)n2)cc1,COc1ccc(N(c2ccc(OC)cc2)S(=O)(=O)c2cccc(F)n2)cc1,COc1ccc(B(O)O)cc1,NS(=O)(=O)c1cccc(F)n1,CCN(CC)CC,O=S(=O)([O-])C(F)(F)F.O=S(=O)([O-])C(F)(F)F.[Cu+2],ClCCCl,COc1ccc(B(O)O)cc1.NS(=O)(=O)c1cccc(F)n1
CCOc1ccc(S(N)(=O)=O)cc1OCC,COc1ccc(B(O)O)cc1.CCOc1ccc(S(N)(=O)=O)cc1OCC,CN(C)c1ccncc1.CC(=O)[O-].[Cu+2].CO,CCOc1ccc(S(=O)(=O)Nc2ccc(OC)cc2)cc1OCC,CCOc1ccc(S(=O)(=O)N(c2ccc(OC)cc2)c2ccc(OC)cc2)cc1OCC,COc1ccc(B(O)O)cc1,CCOc1ccc(S(N)(=O)=O)cc1OCC,CN(C)c1ccncc1,CC(=O)[O-].CC(=O)[O-].[Cu+2],CO,CCOc1ccc(S(N)(=O)=O)cc1OCC.COc1ccc(B(O)O)cc1
CCOc1ccc(S(N)(=O)=O)cc1OCC,COc1ccc(B(O)O)cc1.CCOc1ccc(S(N)(=O)=O)cc1OCC,O=P([O-])([O-])[O-].[K+].CC#N.F[P-](F)(F)(F)(F)F.[Cu+],CCOc1ccc(S(=O)(=O)Nc2ccc(OC)cc2)cc1OCC,CCOc1ccc(S(=O)(=O)N(c2ccc(OC)cc2)c2ccc(OC)cc2)cc1OCC,COc1ccc(B(O)O)cc1,CCOc1ccc(S(N)(=O)=O)cc1OCC,O=P([O-])([O-])[O-].[K+].[K+].[K+],CC#N.CC#N.CC#N.CC#N.F[P-](F)(F)(F)(F)F.[Cu+],CC#N,CCOc1ccc(S(N)(=O)=O)cc1OCC.COc1ccc(B(O)O)cc1
CCOc1ccc(S(N)(=O)=O)cc1OCC,COc1ccc(B(O)O)cc1.CCOc1ccc(S(N)(=O)=O)cc1OCC,CN(C)c1ccncc1.O=S(=O)([O-])C(F)(F)F.[Cu+2].CC#N,CCOc1ccc(S(=O)(=O)Nc2ccc(OC)cc2)cc1OCC,CCOc1ccc(S(=O)(=O)N(c2ccc(OC)cc2)c2ccc(OC)cc2)cc1OCC,COc1ccc(B(O)O)cc1,CCOc1ccc(S(N)(=O)=O)cc1OCC,CN(C)c1ccncc1,O=S(=O)([O-])C(F)(F)F.O=S(=O)([O-])C(F)(F)F.[Cu+2],CC#N,CCOc1ccc(S(N)(=O)=O)cc1OCC.COc1ccc(B(O)O)cc1
CCOc1ccc(S(N)(=O)=O)cc1OCC,COc1ccc(B(O)O)cc1.CCOc1ccc(S(N)(=O)=O)cc1OCC,CCN(CC)CC.CC(=O)[O-].[Cu+2].CCOC(C)=O,CCOc1ccc(S(=O)(=O)Nc2ccc(OC)cc2)cc1OCC,CCOc1ccc(S(=O)(=O)N(c2ccc(OC)cc2)c2ccc(OC)cc2)cc1OCC,COc1ccc(B(O)O)cc1,CCOc1ccc(S(N)(=O)=O)cc1OCC,CCN(CC)CC,CC(=O)[O-].CC(=O)[O-].[Cu+2],CCOC(C)=O,CCOc1ccc(S(N)(=O)=O)cc1OCC.COc1ccc(B(O)O)cc1
CCOc1ccc(S(N)(=O)=O)cc1OCC,COc1ccc(B(O)O)cc1.CCOc1ccc(S(N)(=O)=O)cc1OCC,CCN(C(C)C)C(C)C.O=S(=O)([O-])C(F)(F)F.[Cu+2].CO,CCOc1ccc(S(=O)(=O)Nc2ccc(OC)cc2)cc1OCC,CCOc1ccc(S(=O)(=O)N(c2ccc(OC)cc2)c2ccc(OC)cc2)cc1OCC,COc1ccc(B(O)O)cc1,CCOc1ccc(S(N)(=O)=O)cc1OCC,CCN(C(C)C)C(C)C,O=S(=O)([O-])C(F)(F)F.O=S(=O)([O-])C(F)(F)F.[Cu+2],CO,CCOc1ccc(S(N)(=O)=O)cc1OCC.COc1ccc(B(O)O)cc1
CCOc1ccc(S(N)(=O)=O)cc1OCC,COc1ccc(B(O)O)cc1.CCOc1ccc(S(N)(=O)=O)cc1OCC,CCN(C(C)C)C(C)C.CN(C)CCN(C)C.[Cl-].[Cu+2].[OH-].CC#N,CCOc1ccc(S(=O)(=O)Nc2ccc(OC)cc2)cc1OCC,CCOc1ccc(S(=O)(=O)N(c2ccc(OC)cc2)c2ccc(OC)cc2)cc1OCC,COc1ccc(B(O)O)cc1,CCOc1ccc(S(N)(=O)=O)cc1OCC,CCN(C(C)C)C(C)C,CN(C)CCN(C)C.CN(C)CCN(C)C.[Cl-].[Cl-].[Cu+2].[Cu+2].[OH-].[OH-],CC#N,CCOc1ccc(S(N)(=O)=O)cc1OCC.COc1ccc(B(O)O)cc1
CCOc1ccc(S(N)(=O)=O)cc1OCC,COc1ccc(B(O)O)cc1.CCOc1ccc(S(N)(=O)=O)cc1OCC,O=S(=O)([O-])C(F)(F)F.[Cu+2].CO,CCOc1ccc(S(=O)(=O)Nc2ccc(OC)cc2)cc1OCC,CCOc1ccc(S(=O)(=O)N(c2ccc(OC)cc2)c2ccc(OC)cc2)cc1OCC,COc1ccc(B(O)O)cc1,CCOc1ccc(S(N)(=O)=O)cc1OCC,,O=S(=O)([O-])C(F)(F)F.O=S(=O)([O-])C(F)(F)F.[Cu+2],CO,CCOc1ccc(S(N)(=O)=O)cc1OCC.COc1ccc(B(O)O)cc1
CCOc1ccc(S(N)(=O)=O)cc1OCC,COc1ccc(B(O)O)cc1.CCOc1ccc(S(N)(=O)=O)cc1OCC,CN(C)c1ccncc1.CN(C)CCN(C)C.[Cl-].[Cu+2].[OH-].CCOC(C)=O,CCOc1ccc(S(=O)(=O)Nc2ccc(OC)cc2)cc1OCC,CCOc1ccc(S(=O)(=O)N(c2ccc(OC)cc2)c2ccc(OC)cc2)cc1OCC,COc1ccc(B(O)O)cc1,CCOc1ccc(S(N)(=O)=O)cc1OCC,CN(C)c1ccncc1,CN(C)CCN(C)C.CN(C)CCN(C)C.[Cl-].[Cl-].[Cu+2].[Cu+2].[OH-].[OH-],CCOC(C)=O,CCOc1ccc(S(N)(=O)=O)cc1OCC.COc1ccc(B(O)O)cc1
CCOc1ccc(S(N)(=O)=O)cc1OCC,COc1ccc(B(O)O)cc1.CCOc1ccc(S(N)(=O)=O)cc1OCC,O=C([O-])[O-].[K+].CC#N.F[P-](F)(F)(F)(F)F.[Cu+].ClCCCl,CCOc1ccc(S(=O)(=O)Nc2ccc(OC)cc2)cc1OCC,CCOc1ccc(S(=O)(=O)N(c2ccc(OC)cc2)c2ccc(OC)cc2)cc1OCC,COc1ccc(B(O)O)cc1,CCOc1ccc(S(N)(=O)=O)cc1OCC,O=C([O-])[O-].[K+].[K+],CC#N.CC#N.CC#N.CC#N.F[P-](F)(F)(F)(F)F.[Cu+],ClCCCl,CCOc1ccc(S(N)(=O)=O)cc1OCC.COc1ccc(B(O)O)cc1
CCOc1ccc(S(N)(=O)=O)cc1OCC,COc1ccc(B(O)O)cc1.CCOc1ccc(S(N)(=O)=O)cc1OCC,CCN(CC)CC.O=S(=O)([O-])C(F)(F)F.[Cu+2].CC#N,CCOc1ccc(S(=O)(=O)Nc2ccc(OC)cc2)cc1OCC,CCOc1ccc(S(=O)(=O)N(c2ccc(OC)cc2)c2ccc(OC)cc2)cc1OCC,COc1ccc(B(O)O)cc1,CCOc1ccc(S(N)(=O)=O)cc1OCC,CCN(CC)CC,O=S(=O)([O-])C(F)(F)F.O=S(=O)([O-])C(F)(F)F.[Cu+2],CC#N,CCOc1ccc(S(N)(=O)=O)cc1OCC.COc1ccc(B(O)O)cc1
NS(=O)(=O)CCc1ccccc1,COc1ccc(B(O)O)cc1.NS(=O)(=O)CCc1ccccc1,CN(C)c1ccncc1.CC#N.F[P-](F)(F)(F)(F)F.[Cu+],COc1ccc(NS(=O)(=O)CCc2ccccc2)cc1,COc1ccc(N(c2ccc(OC)cc2)S(=O)(=O)CCc2ccccc2)cc1,COc1ccc(B(O)O)cc1,NS(=O)(=O)CCc1ccccc1,CN(C)c1ccncc1,CC#N.CC#N.CC#N.CC#N.F[P-](F)(F)(F)(F)F.[Cu+],CC#N,COc1ccc(B(O)O)cc1.NS(=O)(=O)CCc1ccccc1
NS(=O)(=O)CCc1ccccc1,COc1ccc(B(O)O)cc1.NS(=O)(=O)CCc1ccccc1,O=S(=O)([O-])C(F)(F)F.[Cu+2].CC#N,COc1ccc(NS(=O)(=O)CCc2ccccc2)cc1,COc1ccc(N(c2ccc(OC)cc2)S(=O)(=O)CCc2ccccc2)cc1,COc1ccc(B(O)O)cc1,NS(=O)(=O)CCc1ccccc1,,O=S(=O)([O-])C(F)(F)F.O=S(=O)([O-])C(F)(F)F.[Cu+2],CC#N,COc1ccc(B(O)O)cc1.NS(=O)(=O)CCc1ccccc1
NS(=O)(=O)CCc1ccccc1,COc1ccc(B(O)O)cc1.NS(=O)(=O)CCc1ccccc1,CCN(C(C)C)C(C)C.CC#N.F[P-](F)(F)(F)(F)F.[Cu+],COc1ccc(NS(=O)(=O)CCc2ccccc2)cc1,COc1ccc(N(c2ccc(OC)cc2)S(=O)(=O)CCc2ccccc2)cc1,COc1ccc(B(O)O)cc1,NS(=O)(=O)CCc1ccccc1,CCN(C(C)C)C(C)C,CC#N.CC#N.CC#N.CC#N.F[P-](F)(F)(F)(F)F.[Cu+],CC#N,COc1ccc(B(O)O)cc1.NS(=O)(=O)CCc1ccccc1
NS(=O)(=O)CCc1ccccc1,COc1ccc(B(O)O)cc1.NS(=O)(=O)CCc1ccccc1,O=C([O-])[O-].[K+].CN(C)CCN(C)C.[Cl-].[Cu+2].[OH-].ClCCCl,COc1ccc(NS(=O)(=O)CCc2ccccc2)cc1,COc1ccc(N(c2ccc(OC)cc2)S(=O)(=O)CCc2ccccc2)cc1,COc1ccc(B(O)O)cc1,NS(=O)(=O)CCc1ccccc1,O=C([O-])[O-].[K+].[K+],CN(C)CCN(C)C.CN(C)CCN(C)C.[Cl-].[Cl-].[Cu+2].[Cu+2].[OH-].[OH-],ClCCCl,COc1ccc(B(O)O)cc1.NS(=O)(=O)CCc1ccccc1
NS(=O)(=O)CCc1ccccc1,COc1ccc(B(O)O)cc1.NS(=O)(=O)CCc1ccccc1,O=C([O-])[O-].[K+].CC#N.F[P-](F)(F)(F)(F)F.[Cu+].CO,COc1ccc(NS(=O)(=O)CCc2ccccc2)cc1,COc1ccc(N(c2ccc(OC)cc2)S(=O)(=O)CCc2ccccc2)cc1,COc1ccc(B(O)O)cc1,NS(=O)(=O)CCc1ccccc1,O=C([O-])[O-].[K+].[K+],CC#N.CC#N.CC#N.CC#N.F[P-](F)(F)(F)(F)F.[Cu+],CO,COc1ccc(B(O)O)cc1.NS(=O)(=O)CCc1ccccc1
NS(=O)(=O)CCc1ccccc1,COc1ccc(B(O)O)cc1.NS(=O)(=O)CCc1ccccc1,CC(=O)[O-].[Cu+2].ClCCCl,COc1ccc(NS(=O)(=O)CCc2ccccc2)cc1,COc1ccc(N(c2ccc(OC)cc2)S(=O)(=O)CCc2ccccc2)cc1,COc1ccc(B(O)O)cc1,NS(=O)(=O)CCc1ccccc1,,CC(=O)[O-].CC(=O)[O-].[Cu+2],ClCCCl,COc1ccc(B(O)O)cc1.NS(=O)(=O)CCc1ccccc1
NS(=O)(=O)CCc1ccccc1,COc1ccc(B(O)O)cc1.NS(=O)(=O)CCc1ccccc1,O=P([O-])([O-])[O-].[K+].CC#N.F[P-](F)(F)(F)(F)F.[Cu+].CO,COc1ccc(NS(=O)(=O)CCc2ccccc2)cc1,COc1ccc(N(c2ccc(OC)cc2)S(=O)(=O)CCc2ccccc2)cc1,COc1ccc(B(O)O)cc1,NS(=O)(=O)CCc1ccccc1,O=P([O-])([O-])[O-].[K+].[K+].[K+],CC#N.CC#N.CC#N.CC#N.F[P-](F)(F)(F)(F)F.[Cu+],CO,COc1ccc(B(O)O)cc1.NS(=O)(=O)CCc1ccccc1
NS(=O)(=O)CCc1ccccc1,COc1ccc(B(O)O)cc1.NS(=O)(=O)CCc1ccccc1,O=P([O-])([O-])[O-].[K+].CN(C)CCN(C)C.[Cl-].[Cu+2].[OH-].CCOC(C)=O,COc1ccc(NS(=O)(=O)CCc2ccccc2)cc1,COc1ccc(N(c2ccc(OC)cc2)S(=O)(=O)CCc2ccccc2)cc1,COc1ccc(B(O)O)cc1,NS(=O)(=O)CCc1ccccc1,O=P([O-])([O-])[O-].[K+].[K+].[K+],CN(C)CCN(C)C.CN(C)CCN(C)C.[Cl-].[Cl-].[Cu+2].[Cu+2].[OH-].[OH-],CCOC(C)=O,COc1ccc(B(O)O)cc1.NS(=O)(=O)CCc1ccccc1
NS(=O)(=O)CCc1ccccc1,COc1ccc(B(O)O)cc1.NS(=O)(=O)CCc1ccccc1,CCN(C(C)C)C(C)C.CC#N.F[P-](F)(F)(F)(F)F.[Cu+],COc1ccc(NS(=O)(=O)CCc2ccccc2)cc1,COc1ccc(N(c2ccc(OC)cc2)S(=O)(=O)CCc2ccccc2)cc1,COc1ccc(B(O)O)cc1,NS(=O)(=O)CCc1ccccc1,CCN(C(C)C)C(C)C,CC#N.CC#N.CC#N.CC#N.F[P-](F)(F)(F)(F)F.[Cu+],CC#N,COc1ccc(B(O)O)cc1.NS(=O)(=O)CCc1ccccc1
NS(=O)(=O)CCc1ccccc1,COc1ccc(B(O)O)cc1.NS(=O)(=O)CCc1ccccc1,CCN(CC)CC.CC(=O)[O-].[Cu+2].ClCCCl,COc1ccc(NS(=O)(=O)CCc2ccccc2)cc1,COc1ccc(N(c2ccc(OC)cc2)S(=O)(=O)CCc2ccccc2)cc1,COc1ccc(B(O)O)cc1,NS(=O)(=O)CCc1ccccc1,CCN(CC)CC,CC(=O)[O-].CC(=O)[O-].[Cu+2],ClCCCl,COc1ccc(B(O)O)cc1.NS(=O)(=O)CCc1ccccc1
COc1cccc2c(S(N)(=O)=O)cccc12,COc1ccc(B(O)O)cc1.COc1cccc2c(S(N)(=O)=O)cccc12,CCN(CC)CC.CC(=O)[O-].[Cu+2].CO,COc1ccc(NS(=O)(=O)c2cccc3c(OC)cccc23)cc1,COc1ccc(N(c2ccc(OC)cc2)S(=O)(=O)c2cccc3c(OC)cccc23)cc1,COc1ccc(B(O)O)cc1,COc1cccc2c(S(N)(=O)=O)cccc12,CCN(CC)CC,CC(=O)[O-].CC(=O)[O-].[Cu+2],CO,COc1ccc(B(O)O)cc1.COc1cccc2c(S(N)(=O)=O)cccc12
COc1cccc2c(S(N)(=O)=O)cccc12,COc1ccc(B(O)O)cc1.COc1cccc2c(S(N)(=O)=O)cccc12,O=C([O-])[O-].[K+].CC(=O)[O-].[Cu+2].CC#N,COc1ccc(NS(=O)(=O)c2cccc3c(OC)cccc23)cc1,COc1ccc(N(c2ccc(OC)cc2)S(=O)(=O)c2cccc3c(OC)cccc23)cc1,COc1ccc(B(O)O)cc1,COc1cccc2c(S(N)(=O)=O)cccc12,O=C([O-])[O-].[K+].[K+],CC(=O)[O-].CC(=O)[O-].[Cu+2],CC#N,COc1ccc(B(O)O)cc1.COc1cccc2c(S(N)(=O)=O)cccc12
COc1cccc2c(S(N)(=O)=O)cccc12,COc1ccc(B(O)O)cc1.COc1cccc2c(S(N)(=O)=O)cccc12,CCN(CC)CC.CN(C)CCN(C)C.[Cl-].[Cu+2].[OH-].CCOC(C)=O,COc1ccc(NS(=O)(=O)c2cccc3c(OC)cccc23)cc1,COc1ccc(N(c2ccc(OC)cc2)S(=O)(=O)c2cccc3c(OC)cccc23)cc1,COc1ccc(B(O)O)cc1,COc1cccc2c(S(N)(=O)=O)cccc12,CCN(CC)CC,CN(C)CCN(C)C.CN(C)CCN(C)C.[Cl-].[Cl-].[Cu+2].[Cu+2].[OH-].[OH-],CCOC(C)=O,COc1ccc(B(O)O)cc1.COc1cccc2c(S(N)(=O)=O)cccc12
COc1cccc2c(S(N)(=O)=O)cccc12,COc1ccc(B(O)O)cc1.COc1cccc2c(S(N)(=O)=O)cccc12,O=C([O-])[O-].[K+].O=S(=O)([O-])C(F)(F)F.[Cu+2].CC#N,COc1ccc(NS(=O)(=O)c2cccc3c(OC)cccc23)cc1,COc1ccc(N(c2ccc(OC)cc2)S(=O)(=O)c2cccc3c(OC)cccc23)cc1,COc1ccc(B(O)O)cc1,COc1cccc2c(S(N)(=O)=O)cccc12,O=C([O-])[O-].[K+].[K+],O=S(=O)([O-])C(F)(F)F.O=S(=O)([O-])C(F)(F)F.[Cu+2],CC#N,COc1ccc(B(O)O)cc1.COc1cccc2c(S(N)(=O)=O)cccc12
COc1cccc2c(S(N)(=O)=O)cccc12,COc1ccc(B(O)O)cc1.COc1cccc2c(S(N)(=O)=O)cccc12,CN(C)c1ccncc1.O=S(=O)([O-])C(F)(F)F.[Cu+2].CO,COc1ccc(NS(=O)(=O)c2cccc3c(OC)cccc23)cc1,COc1ccc(N(c2ccc(OC)cc2)S(=O)(=O)c2cccc3c(OC)cccc23)cc1,COc1ccc(B(O)O)cc1,COc1cccc2c(S(N)(=O)=O)cccc12,CN(C)c1ccncc1,O=S(=O)([O-])C(F)(F)F.O=S(=O)([O-])C(F)(F)F.[Cu+2],CO,COc1ccc(B(O)O)cc1.COc1cccc2c(S(N)(=O)=O)cccc12
COc1cccc2c(S(N)(=O)=O)cccc12,COc1ccc(B(O)O)cc1.COc1cccc2c(S(N)(=O)=O)cccc12,CN(C)CCN(C)C.[Cl-].[Cu+2].[OH-].CCOC(C)=O,COc1ccc(NS(=O)(=O)c2cccc3c(OC)cccc23)cc1,COc1ccc(N(c2ccc(OC)cc2)S(=O)(=O)c2cccc3c(OC)cccc23)cc1,COc1ccc(B(O)O)cc1,COc1cccc2c(S(N)(=O)=O)cccc12,,CN(C)CCN(C)C.CN(C)CCN(C)C.[Cl-].[Cl-].[Cu+2].[Cu+2].[OH-].[OH-],CCOC(C)=O,COc1ccc(B(O)O)cc1.COc1cccc2c(S(N)(=O)=O)cccc12
COc1cccc2c(S(N)(=O)=O)cccc12,COc1ccc(B(O)O)cc1.COc1cccc2c(S(N)(=O)=O)cccc12,CCN(CC)CC.CN(C)CCN(C)C.[Cl-].[Cu+2].[OH-].ClCCCl,COc1ccc(NS(=O)(=O)c2cccc3c(OC)cccc23)cc1,COc1ccc(N(c2ccc(OC)cc2)S(=O)(=O)c2cccc3c(OC)cccc23)cc1,COc1ccc(B(O)O)cc1,COc1cccc2c(S(N)(=O)=O)cccc12,CCN(CC)CC,CN(C)CCN(C)C.CN(C)CCN(C)C.[Cl-].[Cl-].[Cu+2].[Cu+2].[OH-].[OH-],ClCCCl,COc1ccc(B(O)O)cc1.COc1cccc2c(S(N)(=O)=O)cccc12
COc1cccc2c(S(N)(=O)=O)cccc12,COc1ccc(B(O)O)cc1.COc1cccc2c(S(N)(=O)=O)cccc12,O=C([O-])[O-].[K+].CC#N.F[P-](F)(F)(F)(F)F.[Cu+],COc1ccc(NS(=O)(=O)c2cccc3c(OC)cccc23)cc1,COc1ccc(N(c2ccc(OC)cc2)S(=O)(=O)c2cccc3c(OC)cccc23)cc1,COc1ccc(B(O)O)cc1,COc1cccc2c(S(N)(=O)=O)cccc12,O=C([O-])[O-].[K+].[K+],CC#N.CC#N.CC#N.CC#N.F[P-](F)(F)(F)(F)F.[Cu+],CC#N,COc1ccc(B(O)O)cc1.COc1cccc2c(S(N)(=O)=O)cccc12
COc1cccc2c(S(N)(=O)=O)cccc12,COc1ccc(B(O)O)cc1.COc1cccc2c(S(N)(=O)=O)cccc12,O=P([O-])([O-])[O-].[K+].CC(=O)[O-].[Cu+2].ClCCCl,COc1ccc(NS(=O)(=O)c2cccc3c(OC)cccc23)cc1,COc1ccc(N(c2ccc(OC)cc2)S(=O)(=O)c2cccc3c(OC)cccc23)cc1,COc1ccc(B(O)O)cc1,COc1cccc2c(S(N)(=O)=O)cccc12,O=P([O-])([O-])[O-].[K+].[K+].[K+],CC(=O)[O-].CC(=O)[O-].[Cu+2],ClCCCl,COc1ccc(B(O)O)cc1.COc1cccc2c(S(N)(=O)=O)cccc12
COc1cccc2c(S(N)(=O)=O)cccc12,COc1ccc(B(O)O)cc1.COc1cccc2c(S(N)(=O)=O)cccc12,O=P([O-])([O-])[O-].[K+].O=S(=O)([O-])C(F)(F)F.[Cu+2].CO,COc1ccc(NS(=O)(=O)c2cccc3c(OC)cccc23)cc1,COc1ccc(N(c2ccc(OC)cc2)S(=O)(=O)c2cccc3c(OC)cccc23)cc1,COc1ccc(B(O)O)cc1,COc1cccc2c(S(N)(=O)=O)cccc12,O=P([O-])([O-])[O-].[K+].[K+].[K+],O=S(=O)([O-])C(F)(F)F.O=S(=O)([O-])C(F)(F)F.[Cu+2],CO,COc1ccc(B(O)O)cc1.COc1cccc2c(S(N)(=O)=O)cccc12
COCCOc1ccccc1S(N)(=O)=O,OB(O)c1ccc(C(F)(F)F)cc1.COCCOc1ccccc1S(N)(=O)=O,O=C([O-])[O-].[K+].O=S(=O)([O-])C(F)(F)F.[Cu+2].ClCCCl,COCCOc1ccccc1S(=O)(=O)Nc1ccc(C(F)(F)F)cc1,COCCOc1ccccc1S(=O)(=O)N(c1ccc(C(F)(F)F)cc1)c1ccc(C(F)(F)F)cc1,OB(O)c1ccc(C(F)(F)F)cc1,COCCOc1ccccc1S(N)(=O)=O,O=C([O-])[O-].[K+].[K+],O=S(=O)([O-])C(F)(F)F.O=S(=O)([O-])C(F)(F)F.[Cu+2],ClCCCl,COCCOc1ccccc1S(N)(=O)=O.OB(O)c1ccc(C(F)(F)F)cc1
COCCOc1ccccc1S(N)(=O)=O,OB(O)c1ccc(C(F)(F)F)cc1.COCCOc1ccccc1S(N)(=O)=O,CN(C)c1ccncc1.CC#N.F[P-](F)(F)(F)(F)F.[Cu+].ClCCCl,COCCOc1ccccc1S(=O)(=O)Nc1ccc(C(F)(F)F)cc1,COCCOc1ccccc1S(=O)(=O)N(c1ccc(C(F)(F)F)cc1)c1ccc(C(F)(F)F)cc1,OB(O)c1ccc(C(F)(F)F)cc1,COCCOc1ccccc1S(N)(=O)=O,CN(C)c1ccncc1,CC#N.CC#N.CC#N.CC#N.F[P-](F)(F)(F)(F)F.[Cu+],ClCCCl,COCCOc1ccccc1S(N)(=O)=O.OB(O)c1ccc(C(F)(F)F)cc1
COCCOc1ccccc1S(N)(=O)=O,COc1ccc(B(O)O)cc1.COCCOc1ccccc1S(N)(=O)=O,CCN(C(C)C)C(C)C.CC#N.F[P-](F)(F)(F)(F)F.[Cu+],COCCOc1ccccc1S(=O)(=O)Nc1ccc(OC)cc1,COCCOc1ccccc1S(=O)(=O)N(c1ccc(OC)cc1)c1ccc(OC)cc1,COc1ccc(B(O)O)cc1,COCCOc1ccccc1S(N)(=O)=O,CCN(C(C)C)C(C)C,CC#N.CC#N.CC#N.CC#N.F[P-](F)(F)(F)(F)F.[Cu+],CC#N,COCCOc1ccccc1S(N)(=O)=O.COc1ccc(B(O)O)cc1
COCCOc1ccccc1S(N)(=O)=O,OB(O)c1ccc(C(F)(F)F)cc1.COCCOc1ccccc1S(N)(=O)=O,O=P([O-])([O-])[O-].[K+].O=S(=O)([O-])C(F)(F)F.[Cu+2].CCOC(C)=O,COCCOc1ccccc1S(=O)(=O)Nc1ccc(C(F)(F)F)cc1,COCCOc1ccccc1S(=O)(=O)N(c1ccc(C(F)(F)F)cc1)c1ccc(C(F)(F)F)cc1,OB(O)c1ccc(C(F)(F)F)cc1,COCCOc1ccccc1S(N)(=O)=O,O=P([O-])([O-])[O-].[K+].[K+].[K+],O=S(=O)([O-])C(F)(F)F.O=S(=O)([O-])C(F)(F)F.[Cu+2],CCOC(C)=O,COCCOc1ccccc1S(N)(=O)=O.OB(O)c1ccc(C(F)(F)F)cc1
COCCOc1ccccc1S(N)(=O)=O,COc1ccc(B(O)O)cc1.COCCOc1ccccc1S(N)(=O)=O,CN(C)c1ccncc1.CC(=O)[O-].[Cu+2].CO,COCCOc1ccccc1S(=O)(=O)Nc1ccc(OC)cc1,COCCOc1ccccc1S(=O)(=O)N(c1ccc(OC)cc1)c1ccc(OC)cc1,COc1ccc(B(O)O)cc1,COCCOc1ccccc1S(N)(=O)=O,CN(C)c1ccncc1,CC(=O)[O-].CC(=O)[O-].[Cu+2],CO,COCCOc1ccccc1S(N)(=O)=O.COc1ccc(B(O)O)cc1
COCCOc1ccccc1S(N)(=O)=O,COc1ccc(B(O)O)cc1.COCCOc1ccccc1S(N)(=O)=O,CCN(C(C)C)C(C)C.CC#N.F[P-](F)(F)(F)(F)F.[Cu+].CO,COCCOc1ccccc1S(=O)(=O)Nc1ccc(OC)cc1,COCCOc1ccccc1S(=O)(=O)N(c1ccc(OC)cc1)c1ccc(OC)cc1,COc1ccc(B(O)O)cc1,COCCOc1ccccc1S(N)(=O)=O,CCN(C(C)C)C(C)C,CC#N.CC#N.CC#N.CC#N.F[P-](F)(F)(F)(F)F.[Cu+],CO,COCCOc1ccccc1S(N)(=O)=O.COc1ccc(B(O)O)cc1
COCCOc1ccccc1S(N)(=O)=O,COc1ccc(B(O)O)cc1.COCCOc1ccccc1S(N)(=O)=O,[K+].[OH-].CC(=O)[O-].[Cu+2].ClCCCl,COCCOc1ccccc1S(=O)(=O)Nc1ccc(OC)cc1,COCCOc1ccccc1S(=O)(=O)N(c1ccc(OC)cc1)c1ccc(OC)cc1,COc1ccc(B(O)O)cc1,COCCOc1ccccc1S(N)(=O)=O,[K+].[OH-],CC(=O)[O-].CC(=O)[O-].[Cu+2],ClCCCl,COCCOc1ccccc1S(N)(=O)=O.COc1ccc(B(O)O)cc1
COCCOc1ccccc1S(N)(=O)=O,OB(O)c1ccc(C(F)(F)F)cc1.COCCOc1ccccc1S(N)(=O)=O,CCN(CC)CC.CC#N.F[P-](F)(F)(F)(F)F.[Cu+],COCCOc1ccccc1S(=O)(=O)Nc1ccc(C(F)(F)F)cc1,COCCOc1ccccc1S(=O)(=O)N(c1ccc(C(F)(F)F)cc1)c1ccc(C(F)(F)F)cc1,OB(O)c1ccc(C(F)(F)F)cc1,COCCOc1ccccc1S(N)(=O)=O,CCN(CC)CC,CC#N.CC#N.CC#N.CC#N.F[P-](F)(F)(F)(F)F.[Cu+],CC#N,COCCOc1ccccc1S(N)(=O)=O.OB(O)c1ccc(C(F)(F)F)cc1
COCCOc1ccccc1S(N)(=O)=O,COc1ccc(B(O)O)cc1.COCCOc1ccccc1S(N)(=O)=O,O=C([O-])[O-].[K+].CC#N.F[P-](F)(F)(F)(F)F.[Cu+].CCOC(C)=O,COCCOc1ccccc1S(=O)(=O)Nc1ccc(OC)cc1,COCCOc1ccccc1S(=O)(=O)N(c1ccc(OC)cc1)c1ccc(OC)cc1,COc1ccc(B(O)O)cc1,COCCOc1ccccc1S(N)(=O)=O,O=C([O-])[O-].[K+].[K+],CC#N.CC#N.CC#N.CC#N.F[P-](F)(F)(F)(F)F.[Cu+],CCOC(C)=O,COCCOc1ccccc1S(N)(=O)=O.COc1ccc(B(O)O)cc1
COCCOc1ccccc1S(N)(=O)=O,OB(O)c1ccc(C(F)(F)F)cc1.COCCOc1ccccc1S(N)(=O)=O,O=P([O-])([O-])[O-].[K+].CC(=O)[O-].[Cu+2].CC#N,COCCOc1ccccc1S(=O)(=O)Nc1ccc(C(F)(F)F)cc1,COCCOc1ccccc1S(=O)(=O)N(c1ccc(C(F)(F)F)cc1)c1ccc(C(F)(F)F)cc1,OB(O)c1ccc(C(F)(F)F)cc1,COCCOc1ccccc1S(N)(=O)=O,O=P([O-])([O-])[O-].[K+].[K+].[K+],CC(=O)[O-].CC(=O)[O-].[Cu+2],CC#N,COCCOc1ccccc1S(N)(=O)=O.OB(O)c1ccc(C(F)(F)F)cc1
COCCOc1ccccc1S(N)(=O)=O,OB(O)c1ccc(C(F)(F)F)cc1.COCCOc1ccccc1S(N)(=O)=O,CCN(C(C)C)C(C)C.O=S(=O)([O-])C(F)(F)F.[Cu+2].CCOC(C)=O,COCCOc1ccccc1S(=O)(=O)Nc1ccc(C(F)(F)F)cc1,COCCOc1ccccc1S(=O)(=O)N(c1ccc(C(F)(F)F)cc1)c1ccc(C(F)(F)F)cc1,OB(O)c1ccc(C(F)(F)F)cc1,COCCOc1ccccc1S(N)(=O)=O,CCN(C(C)C)C(C)C,O=S(=O)([O-])C(F)(F)F.O=S(=O)([O-])C(F)(F)F.[Cu+2],CCOC(C)=O,COCCOc1ccccc1S(N)(=O)=O.OB(O)c1ccc(C(F)(F)F)cc1
COCCOc1ccccc1S(N)(=O)=O,COc1ccc(B(O)O)cc1.COCCOc1ccccc1S(N)(=O)=O,CN(C)c1ccncc1.O=S(=O)([O-])C(F)(F)F.[Cu+2].CO,COCCOc1ccccc1S(=O)(=O)Nc1ccc(OC)cc1,COCCOc1ccccc1S(=O)(=O)N(c1ccc(OC)cc1)c1ccc(OC)cc1,COc1ccc(B(O)O)cc1,COCCOc1ccccc1S(N)(=O)=O,CN(C)c1ccncc1,O=S(=O)([O-])C(F)(F)F.O=S(=O)([O-])C(F)(F)F.[Cu+2],CO,COCCOc1ccccc1S(N)(=O)=O.COc1ccc(B(O)O)cc1
COCCOc1ccccc1S(N)(=O)=O,OB(O)c1ccc(C(F)(F)F)cc1.COCCOc1ccccc1S(N)(=O)=O,CCN(CC)CC.CN(C)CCN(C)C.[Cl-].[Cu+2].[OH-].CCOC(C)=O,COCCOc1ccccc1S(=O)(=O)Nc1ccc(C(F)(F)F)cc1,COCCOc1ccccc1S(=O)(=O)N(c1ccc(C(F)(F)F)cc1)c1ccc(C(F)(F)F)cc1,OB(O)c1ccc(C(F)(F)F)cc1,COCCOc1ccccc1S(N)(=O)=O,CCN(CC)CC,CN(C)CCN(C)C.CN(C)CCN(C)C.[Cl-].[Cl-].[Cu+2].[Cu+2].[OH-].[OH-],CCOC(C)=O,COCCOc1ccccc1S(N)(=O)=O.OB(O)c1ccc(C(F)(F)F)cc1
COCCOc1ccccc1S(N)(=O)=O,OB(O)c1ccc(C(F)(F)F)cc1.COCCOc1ccccc1S(N)(=O)=O,CCN(C(C)C)C(C)C.CC#N.F[P-](F)(F)(F)(F)F.[Cu+],COCCOc1ccccc1S(=O)(=O)Nc1ccc(C(F)(F)F)cc1,COCCOc1ccccc1S(=O)(=O)N(c1ccc(C(F)(F)F)cc1)c1ccc(C(F)(F)F)cc1,OB(O)c1ccc(C(F)(F)F)cc1,COCCOc1ccccc1S(N)(=O)=O,CCN(C(C)C)C(C)C,CC#N.CC#N.CC#N.CC#N.F[P-](F)(F)(F)(F)F.[Cu+],CC#N,COCCOc1ccccc1S(N)(=O)=O.OB(O)c1ccc(C(F)(F)F)cc1
COCCOc1ccccc1S(N)(=O)=O,COc1ccc(B(O)O)cc1.COCCOc1ccccc1S(N)(=O)=O,CCN(CC)CC.O=S(=O)([O-])C(F)(F)F.[Cu+2].CCOC(C)=O,COCCOc1ccccc1S(=O)(=O)Nc1ccc(OC)cc1,COCCOc1ccccc1S(=O)(=O)N(c1ccc(OC)cc1)c1ccc(OC)cc1,COc1ccc(B(O)O)cc1,COCCOc1ccccc1S(N)(=O)=O,CCN(CC)CC,O=S(=O)([O-])C(F)(F)F.O=S(=O)([O-])C(F)(F)F.[Cu+2],CCOC(C)=O,COCCOc1ccccc1S(N)(=O)=O.COc1ccc(B(O)O)cc1
COCCOc1ccccc1S(N)(=O)=O,COc1ccc(B(O)O)cc1.COCCOc1ccccc1S(N)(=O)=O,CN(C)c1ccncc1.CN(C)CCN(C)C.[Cl-].[Cu+2].[OH-].CCOC(C)=O,COCCOc1ccccc1S(=O)(=O)Nc1ccc(OC)cc1,COCCOc1ccccc1S(=O)(=O)N(c1ccc(OC)cc1)c1ccc(OC)cc1,COc1ccc(B(O)O)cc1,COCCOc1ccccc1S(N)(=O)=O,CN(C)c1ccncc1,CN(C)CCN(C)C.CN(C)CCN(C)C.[Cl-].[Cl-].[Cu+2].[Cu+2].[OH-].[OH-],CCOC(C)=O,COCCOc1ccccc1S(N)(=O)=O.COc1ccc(B(O)O)cc1
COCCOc1ccccc1S(N)(=O)=O,COc1ccc(B(O)O)cc1.COCCOc1ccccc1S(N)(=O)=O,CCN(CC)CC.O=S(=O)([O-])C(F)(F)F.[Cu+2].CCOC(C)=O,COCCOc1ccccc1S(=O)(=O)Nc1ccc(OC)cc1,COCCOc1ccccc1S(=O)(=O)N(c1ccc(OC)cc1)c1ccc(OC)cc1,COc1ccc(B(O)O)cc1,COCCOc1ccccc1S(N)(=O)=O,CCN(CC)CC,O=S(=O)([O-])C(F)(F)F.O=S(=O)([O-])C(F)(F)F.[Cu+2],CCOC(C)=O,COCCOc1ccccc1S(N)(=O)=O.COc1ccc(B(O)O)cc1
COCCOc1ccccc1S(N)(=O)=O,OB(O)c1ccc(C(F)(F)F)cc1.COCCOc1ccccc1S(N)(=O)=O,O=P([O-])([O-])[O-].[K+].CC(=O)[O-].[Cu+2].ClCCCl,COCCOc1ccccc1S(=O)(=O)Nc1ccc(C(F)(F)F)cc1,COCCOc1ccccc1S(=O)(=O)N(c1ccc(C(F)(F)F)cc1)c1ccc(C(F)(F)F)cc1,OB(O)c1ccc(C(F)(F)F)cc1,COCCOc1ccccc1S(N)(=O)=O,O=P([O-])([O-])[O-].[K+].[K+].[K+],CC(=O)[O-].CC(=O)[O-].[Cu+2],ClCCCl,COCCOc1ccccc1S(N)(=O)=O.OB(O)c1ccc(C(F)(F)F)cc1
COCCOc1ccccc1S(N)(=O)=O,COc1ccc(B(O)O)cc1.COCCOc1ccccc1S(N)(=O)=O,CN(C)CCN(C)C.[Cl-].[Cu+2].[OH-].CO,COCCOc1ccccc1S(=O)(=O)Nc1ccc(OC)cc1,COCCOc1ccccc1S(=O)(=O)N(c1ccc(OC)cc1)c1ccc(OC)cc1,COc1ccc(B(O)O)cc1,COCCOc1ccccc1S(N)(=O)=O,,CN(C)CCN(C)C.CN(C)CCN(C)C.[Cl-].[Cl-].[Cu+2].[Cu+2].[OH-].[OH-],CO,COCCOc1ccccc1S(N)(=O)=O.COc1ccc(B(O)O)cc1
COCCOc1ccccc1S(N)(=O)=O,OB(O)c1ccc(C(F)(F)F)cc1.COCCOc1ccccc1S(N)(=O)=O,O=C([O-])[O-].[K+].CC#N.F[P-](F)(F)(F)(F)F.[Cu+].ClCCCl,COCCOc1ccccc1S(=O)(=O)Nc1ccc(C(F)(F)F)cc1,COCCOc1ccccc1S(=O)(=O)N(c1ccc(C(F)(F)F)cc1)c1ccc(C(F)(F)F)cc1,OB(O)c1ccc(C(F)(F)F)cc1,COCCOc1ccccc1S(N)(=O)=O,O=C([O-])[O-].[K+].[K+],CC#N.CC#N.CC#N.CC#N.F[P-](F)(F)(F)(F)F.[Cu+],ClCCCl,COCCOc1ccccc1S(N)(=O)=O.OB(O)c1ccc(C(F)(F)F)cc1
COC(=O)c1oc(S(N)(=O)=O)cc1C,OB(O)c1ccc(C(F)(F)F)cc1.COC(=O)c1oc(S(N)(=O)=O)cc1C,O=C([O-])[O-].[K+].CN(C)CCN(C)C.[Cl-].[Cu+2].[OH-].CCOC(C)=O,COC(=O)c1oc(S(=O)(=O)Nc2ccc(C(F)(F)F)cc2)cc1C,COC(=O)c1oc(S(=O)(=O)N(c2ccc(C(F)(F)F)cc2)c2ccc(C(F)(F)F)cc2)cc1C,OB(O)c1ccc(C(F)(F)F)cc1,COC(=O)c1oc(S(N)(=O)=O)cc1C,O=C([O-])[O-].[K+].[K+],CN(C)CCN(C)C.CN(C)CCN(C)C.[Cl-].[Cl-].[Cu+2].[Cu+2].[OH-].[OH-],CCOC(C)=O,COC(=O)c1oc(S(N)(=O)=O)cc1C.OB(O)c1ccc(C(F)(F)F)cc1
COC(=O)c1oc(S(N)(=O)=O)cc1C,COc1ccc(B(O)O)cc1.COC(=O)c1oc(S(N)(=O)=O)cc1C,CC(=O)[O-].[Cu+2].ClCCCl,COC(=O)c1oc(S(=O)(=O)Nc2ccc(OC)cc2)cc1C,COC(=O)c1oc(S(=O)(=O)N(c2ccc(OC)cc2)c2ccc(OC)cc2)cc1C,COc1ccc(B(O)O)cc1,COC(=O)c1oc(S(N)(=O)=O)cc1C,,CC(=O)[O-].CC(=O)[O-].[Cu+2],ClCCCl,COC(=O)c1oc(S(N)(=O)=O)cc1C.COc1ccc(B(O)O)cc1
COC(=O)c1oc(S(N)(=O)=O)cc1C,OB(O)c1ccc(C(F)(F)F)cc1.COC(=O)c1oc(S(N)(=O)=O)cc1C,CN(C)c1ccncc1.O=S(=O)([O-])C(F)(F)F.[Cu+2].CO,COC(=O)c1oc(S(=O)(=O)Nc2ccc(C(F)(F)F)cc2)cc1C,COC(=O)c1oc(S(=O)(=O)N(c2ccc(C(F)(F)F)cc2)c2ccc(C(F)(F)F)cc2)cc1C,OB(O)c1ccc(C(F)(F)F)cc1,COC(=O)c1oc(S(N)(=O)=O)cc1C,CN(C)c1ccncc1,O=S(=O)([O-])C(F)(F)F.O=S(=O)([O-])C(F)(F)F.[Cu+2],CO,COC(=O)c1oc(S(N)(=O)=O)cc1C.OB(O)c1ccc(C(F)(F)F)cc1
COC(=O)c1oc(S(N)(=O)=O)cc1C,COc1ccc(B(O)O)cc1.COC(=O)c1oc(S(N)(=O)=O)cc1C,CCN(CC)CC.CC#N.F[P-](F)(F)(F)(F)F.[Cu+].ClCCCl,COC(=O)c1oc(S(=O)(=O)Nc2ccc(OC)cc2)cc1C,COC(=O)c1oc(S(=O)(=O)N(c2ccc(OC)cc2)c2ccc(OC)cc2)cc1C,COc1ccc(B(O)O)cc1,COC(=O)c1oc(S(N)(=O)=O)cc1C,CCN(CC)CC,CC#N.CC#N.CC#N.CC#N.F[P-](F)(F)(F)(F)F.[Cu+],ClCCCl,COC(=O)c1oc(S(N)(=O)=O)cc1C.COc1ccc(B(O)O)cc1
COC(=O)c1oc(S(N)(=O)=O)cc1C,COc1ccc(B(O)O)cc1.COC(=O)c1oc(S(N)(=O)=O)cc1C,CC#N.F[P-](F)(F)(F)(F)F.[Cu+].CCOC(C)=O,COC(=O)c1oc(S(=O)(=O)Nc2ccc(OC)cc2)cc1C,COC(=O)c1oc(S(=O)(=O)N(c2ccc(OC)cc2)c2ccc(OC)cc2)cc1C,COc1ccc(B(O)O)cc1,COC(=O)c1oc(S(N)(=O)=O)cc1C,,CC#N.CC#N.CC#N.CC#N.F[P-](F)(F)(F)(F)F.[Cu+],CCOC(C)=O,COC(=O)c1oc(S(N)(=O)=O)cc1C.COc1ccc(B(O)O)cc1
COC(=O)c1oc(S(N)(=O)=O)cc1C,OB(O)c1ccc(C(F)(F)F)cc1.COC(=O)c1oc(S(N)(=O)=O)cc1C,CCN(CC)CC.CC#N.F[P-](F)(F)(F)(F)F.[Cu+],COC(=O)c1oc(S(=O)(=O)Nc2ccc(C(F)(F)F)cc2)cc1C,COC(=O)c1oc(S(=O)(=O)N(c2ccc(C(F)(F)F)cc2)c2ccc(C(F)(F)F)cc2)cc1C,OB(O)c1ccc(C(F)(F)F)cc1,COC(=O)c1oc(S(N)(=O)=O)cc1C,CCN(CC)CC,CC#N.CC#N.CC#N.CC#N.F[P-](F)(F)(F)(F)F.[Cu+],CC#N,COC(=O)c1oc(S(N)(=O)=O)cc1C.OB(O)c1ccc(C(F)(F)F)cc1
COC(=O)c1oc(S(N)(=O)=O)cc1C,COc1ccc(B(O)O)cc1.COC(=O)c1oc(S(N)(=O)=O)cc1C,O=C([O-])[O-].[K+].CN(C)CCN(C)C.[Cl-].[Cu+2].[OH-].CC#N,COC(=O)c1oc(S(=O)(=O)Nc2ccc(OC)cc2)cc1C,COC(=O)c1oc(S(=O)(=O)N(c2ccc(OC)cc2)c2ccc(OC)cc2)cc1C,COc1ccc(B(O)O)cc1,COC(=O)c1oc(S(N)(=O)=O)cc1C,O=C([O-])[O-].[K+].[K+],CN(C)CCN(C)C.CN(C)CCN(C)C.[Cl-].[Cl-].[Cu+2].[Cu+2].[OH-].[OH-],CC#N,COC(=O)c1oc(S(N)(=O)=O)cc1C.COc1ccc(B(O)O)cc1
COC(=O)c1oc(S(N)(=O)=O)cc1C,OB(O)c1ccc(C(F)(F)F)cc1.COC(=O)c1oc(S(N)(=O)=O)cc1C,CC#N.F[P-](F)(F)(F)(F)F.[Cu+],COC(=O)c1oc(S(=O)(=O)Nc2ccc(C(F)(F)F)cc2)cc1C,COC(=O)c1oc(S(=O)(=O)N(c2ccc(C(F)(F)F)cc2)c2ccc(C(F)(F)F)cc2)cc1C,OB(O)c1ccc(C(F)(F)F)cc1,COC(=O)c1oc(S(N)(=O)=O)cc1C,,CC#N.CC#N.CC#N.CC#N.F[P-](F)(F)(F)(F)F.[Cu+],CC#N,COC(=O)c1oc(S(N)(=O)=O)cc1C.OB(O)c1ccc(C(F)(F)F)cc1
COC(=O)c1oc(S(N)(=O)=O)cc1C,COc1ccc(B(O)O)cc1.COC(=O)c1oc(S(N)(=O)=O)cc1C,CCN(CC)CC.O=S(=O)([O-])C(F)(F)F.[Cu+2].CCOC(C)=O,COC(=O)c1oc(S(=O)(=O)Nc2ccc(OC)cc2)cc1C,COC(=O)c1oc(S(=O)(=O)N(c2ccc(OC)cc2)c2ccc(OC)cc2)cc1C,COc1ccc(B(O)O)cc1,COC(=O)c1oc(S(N)(=O)=O)cc1C,CCN(CC)CC,O=S(=O)([O-])C(F)(F)F.O=S(=O)([O-])C(F)(F)F.[Cu+2],CCOC(C)=O,COC(=O)c1oc(S(N)(=O)=O)cc1C.COc1ccc(B(O)O)cc1
COC(=O)c1oc(S(N)(=O)=O)cc1C,OB(O)c1ccc(C(F)(F)F)cc1.COC(=O)c1oc(S(N)(=O)=O)cc1C,O=P([O-])([O-])[O-].[K+].CC(=O)[O-].[Cu+2].CC#N,COC(=O)c1oc(S(=O)(=O)Nc2ccc(C(F)(F)F)cc2)cc1C,COC(=O)c1oc(S(=O)(=O)N(c2ccc(C(F)(F)F)cc2)c2ccc(C(F)(F)F)cc2)cc1C,OB(O)c1ccc(C(F)(F)F)cc1,COC(=O)c1oc(S(N)(=O)=O)cc1C,O=P([O-])([O-])[O-].[K+].[K+].[K+],CC(=O)[O-].CC(=O)[O-].[Cu+2],CC#N,COC(=O)c1oc(S(N)(=O)=O)cc1C.OB(O)c1ccc(C(F)(F)F)cc1
COC(=O)c1oc(S(N)(=O)=O)cc1C,OB(O)c1ccc(C(F)(F)F)cc1.COC(=O)c1oc(S(N)(=O)=O)cc1C,CC(=O)[O-].[Cu+2].ClCCCl,COC(=O)c1oc(S(=O)(=O)Nc2ccc(C(F)(F)F)cc2)cc1C,COC(=O)c1oc(S(=O)(=O)N(c2ccc(C(F)(F)F)cc2)c2ccc(C(F)(F)F)cc2)cc1C,OB(O)c1ccc(C(F)(F)F)cc1,COC(=O)c1oc(S(N)(=O)=O)cc1C,,CC(=O)[O-].CC(=O)[O-].[Cu+2],ClCCCl,COC(=O)c1oc(S(N)(=O)=O)cc1C.OB(O)c1ccc(C(F)(F)F)cc1
COC(=O)c1oc(S(N)(=O)=O)cc1C,COc1ccc(B(O)O)cc1.COC(=O)c1oc(S(N)(=O)=O)cc1C,CCN(CC)CC.O=S(=O)([O-])C(F)(F)F.[Cu+2].ClCCCl,COC(=O)c1oc(S(=O)(=O)Nc2ccc(OC)cc2)cc1C,COC(=O)c1oc(S(=O)(=O)N(c2ccc(OC)cc2)c2ccc(OC)cc2)cc1C,COc1ccc(B(O)O)cc1,COC(=O)c1oc(S(N)(=O)=O)cc1C,CCN(CC)CC,O=S(=O)([O-])C(F)(F)F.O=S(=O)([O-])C(F)(F)F.[Cu+2],ClCCCl,COC(=O)c1oc(S(N)(=O)=O)cc1C.COc1ccc(B(O)O)cc1
COC(=O)c1oc(S(N)(=O)=O)cc1C,COc1ccc(B(O)O)cc1.COC(=O)c1oc(S(N)(=O)=O)cc1C,CCN(C(C)C)C(C)C.CN(C)CCN(C)C.[Cl-].[Cu+2].[OH-].CC#N,COC(=O)c1oc(S(=O)(=O)Nc2ccc(OC)cc2)cc1C,COC(=O)c1oc(S(=O)(=O)N(c2ccc(OC)cc2)c2ccc(OC)cc2)cc1C,COc1ccc(B(O)O)cc1,COC(=O)c1oc(S(N)(=O)=O)cc1C,CCN(C(C)C)C(C)C,CN(C)CCN(C)C.CN(C)CCN(C)C.[Cl-].[Cl-].[Cu+2].[Cu+2].[OH-].[OH-],CC#N,COC(=O)c1oc(S(N)(=O)=O)cc1C.COc1ccc(B(O)O)cc1
COC(=O)c1oc(S(N)(=O)=O)cc1C,COc1ccc(B(O)O)cc1.COC(=O)c1oc(S(N)(=O)=O)cc1C,CN(C)c1ccncc1.CC#N.F[P-](F)(F)(F)(F)F.[Cu+],COC(=O)c1oc(S(=O)(=O)Nc2ccc(OC)cc2)cc1C,COC(=O)c1oc(S(=O)(=O)N(c2ccc(OC)cc2)c2ccc(OC)cc2)cc1C,COc1ccc(B(O)O)cc1,COC(=O)c1oc(S(N)(=O)=O)cc1C,CN(C)c1ccncc1,CC#N.CC#N.CC#N.CC#N.F[P-](F)(F)(F)(F)F.[Cu+],CC#N,COC(=O)c1oc(S(N)(=O)=O)cc1C.COc1ccc(B(O)O)cc1
COC(=O)c1oc(S(N)(=O)=O)cc1C,OB(O)c1ccc(C(F)(F)F)cc1.COC(=O)c1oc(S(N)(=O)=O)cc1C,CCN(CC)CC.CC#N.F[P-](F)(F)(F)(F)F.[Cu+].CCOC(C)=O,COC(=O)c1oc(S(=O)(=O)Nc2ccc(C(F)(F)F)cc2)cc1C,COC(=O)c1oc(S(=O)(=O)N(c2ccc(C(F)(F)F)cc2)c2ccc(C(F)(F)F)cc2)cc1C,OB(O)c1ccc(C(F)(F)F)cc1,COC(=O)c1oc(S(N)(=O)=O)cc1C,CCN(CC)CC,CC#N.CC#N.CC#N.CC#N.F[P-](F)(F)(F)(F)F.[Cu+],CCOC(C)=O,COC(=O)c1oc(S(N)(=O)=O)cc1C.OB(O)c1ccc(C(F)(F)F)cc1
COC(=O)c1oc(S(N)(=O)=O)cc1C,COc1ccc(B(O)O)cc1.COC(=O)c1oc(S(N)(=O)=O)cc1C,O=P([O-])([O-])[O-].[K+].CC(=O)[O-].[Cu+2].CC#N,COC(=O)c1oc(S(=O)(=O)Nc2ccc(OC)cc2)cc1C,COC(=O)c1oc(S(=O)(=O)N(c2ccc(OC)cc2)c2ccc(OC)cc2)cc1C,COc1ccc(B(O)O)cc1,COC(=O)c1oc(S(N)(=O)=O)cc1C,O=P([O-])([O-])[O-].[K+].[K+].[K+],CC(=O)[O-].CC(=O)[O-].[Cu+2],CC#N,COC(=O)c1oc(S(N)(=O)=O)cc1C.COc1ccc(B(O)O)cc1
COC(=O)c1oc(S(N)(=O)=O)cc1C,COc1ccc(B(O)O)cc1.COC(=O)c1oc(S(N)(=O)=O)cc1C,CCN(C(C)C)C(C)C.CC#N.F[P-](F)(F)(F)(F)F.[Cu+].ClCCCl,COC(=O)c1oc(S(=O)(=O)Nc2ccc(OC)cc2)cc1C,COC(=O)c1oc(S(=O)(=O)N(c2ccc(OC)cc2)c2ccc(OC)cc2)cc1C,COc1ccc(B(O)O)cc1,COC(=O)c1oc(S(N)(=O)=O)cc1C,CCN(C(C)C)C(C)C,CC#N.CC#N.CC#N.CC#N.F[P-](F)(F)(F)(F)F.[Cu+],ClCCCl,COC(=O)c1oc(S(N)(=O)=O)cc1C.COc1ccc(B(O)O)cc1
COC(=O)c1oc(S(N)(=O)=O)cc1C,OB(O)c1ccc(C(F)(F)F)cc1.COC(=O)c1oc(S(N)(=O)=O)cc1C,CN(C)c1ccncc1.CC#N.F[P-](F)(F)(F)(F)F.[Cu+].CCOC(C)=O,COC(=O)c1oc(S(=O)(=O)Nc2ccc(C(F)(F)F)cc2)cc1C,COC(=O)c1oc(S(=O)(=O)N(c2ccc(C(F)(F)F)cc2)c2ccc(C(F)(F)F)cc2)cc1C,OB(O)c1ccc(C(F)(F)F)cc1,COC(=O)c1oc(S(N)(=O)=O)cc1C,CN(C)c1ccncc1,CC#N.CC#N.CC#N.CC#N.F[P-](F)(F)(F)(F)F.[Cu+],CCOC(C)=O,COC(=O)c1oc(S(N)(=O)=O)cc1C.OB(O)c1ccc(C(F)(F)F)cc1
COC(=O)c1oc(S(N)(=O)=O)cc1C,OB(O)c1ccc(C(F)(F)F)cc1.COC(=O)c1oc(S(N)(=O)=O)cc1C,CCN(CC)CC.CC(=O)[O-].[Cu+2].ClCCCl,COC(=O)c1oc(S(=O)(=O)Nc2ccc(C(F)(F)F)cc2)cc1C,COC(=O)c1oc(S(=O)(=O)N(c2ccc(C(F)(F)F)cc2)c2ccc(C(F)(F)F)cc2)cc1C,OB(O)c1ccc(C(F)(F)F)cc1,COC(=O)c1oc(S(N)(=O)=O)cc1C,CCN(CC)CC,CC(=O)[O-].CC(=O)[O-].[Cu+2],ClCCCl,COC(=O)c1oc(S(N)(=O)=O)cc1C.OB(O)c1ccc(C(F)(F)F)cc1
NS(=O)(=O)c1ccc2c(c1)CCC2,COc1ccc(B(O)O)cc1.NS(=O)(=O)c1ccc2c(c1)CCC2,O=P([O-])([O-])[O-].[K+].CC(=O)[O-].[Cu+2].CCOC(C)=O,COc1ccc(NS(=O)(=O)c2ccc3c(c2)CCC3)cc1,COc1ccc(N(c2ccc(OC)cc2)S(=O)(=O)c2ccc3c(c2)CCC3)cc1,COc1ccc(B(O)O)cc1,NS(=O)(=O)c1ccc2c(c1)CCC2,O=P([O-])([O-])[O-].[K+].[K+].[K+],CC(=O)[O-].CC(=O)[O-].[Cu+2],CCOC(C)=O,COc1ccc(B(O)O)cc1.NS(=O)(=O)c1ccc2c(c1)CCC2
NS(=O)(=O)c1ccc2c(c1)CCC2,COc1ccc(B(O)O)cc1.NS(=O)(=O)c1ccc2c(c1)CCC2,CCN(C(C)C)C(C)C.CC#N.F[P-](F)(F)(F)(F)F.[Cu+].ClCCCl,COc1ccc(NS(=O)(=O)c2ccc3c(c2)CCC3)cc1,COc1ccc(N(c2ccc(OC)cc2)S(=O)(=O)c2ccc3c(c2)CCC3)cc1,COc1ccc(B(O)O)cc1,NS(=O)(=O)c1ccc2c(c1)CCC2,CCN(C(C)C)C(C)C,CC#N.CC#N.CC#N.CC#N.F[P-](F)(F)(F)(F)F.[Cu+],ClCCCl,COc1ccc(B(O)O)cc1.NS(=O)(=O)c1ccc2c(c1)CCC2
NS(=O)(=O)c1ccc2c(c1)CCC2,COc1ccc(B(O)O)cc1.NS(=O)(=O)c1ccc2c(c1)CCC2,O=P([O-])([O-])[O-].[K+].CN(C)CCN(C)C.[Cl-].[Cu+2].[OH-].CC#N,COc1ccc(NS(=O)(=O)c2ccc3c(c2)CCC3)cc1,COc1ccc(N(c2ccc(OC)cc2)S(=O)(=O)c2ccc3c(c2)CCC3)cc1,COc1ccc(B(O)O)cc1,NS(=O)(=O)c1ccc2c(c1)CCC2,O=P([O-])([O-])[O-].[K+].[K+].[K+],CN(C)CCN(C)C.CN(C)CCN(C)C.[Cl-].[Cl-].[Cu+2].[Cu+2].[OH-].[OH-],CC#N,COc1ccc(B(O)O)cc1.NS(=O)(=O)c1ccc2c(c1)CCC2
NS(=O)(=O)c1ccc2c(c1)CCC2,COc1ccc(B(O)O)cc1.NS(=O)(=O)c1ccc2c(c1)CCC2,CN(C)CCN(C)C.[Cl-].[Cu+2].[OH-].CCOC(C)=O,COc1ccc(NS(=O)(=O)c2ccc3c(c2)CCC3)cc1,COc1ccc(N(c2ccc(OC)cc2)S(=O)(=O)c2ccc3c(c2)CCC3)cc1,COc1ccc(B(O)O)cc1,NS(=O)(=O)c1ccc2c(c1)CCC2,,CN(C)CCN(C)C.CN(C)CCN(C)C.[Cl-].[Cl-].[Cu+2].[Cu+2].[OH-].[OH-],CCOC(C)=O,COc1ccc(B(O)O)cc1.NS(=O)(=O)c1ccc2c(c1)CCC2
NS(=O)(=O)c1ccc2c(c1)CCC2,COc1ccc(B(O)O)cc1.NS(=O)(=O)c1ccc2c(c1)CCC2,CN(C)c1ccncc1.CN(C)CCN(C)C.[Cl-].[Cu+2].[OH-].ClCCCl,COc1ccc(NS(=O)(=O)c2ccc3c(c2)CCC3)cc1,COc1ccc(N(c2ccc(OC)cc2)S(=O)(=O)c2ccc3c(c2)CCC3)cc1,COc1ccc(B(O)O)cc1,NS(=O)(=O)c1ccc2c(c1)CCC2,CN(C)c1ccncc1,CN(C)CCN(C)C.CN(C)CCN(C)C.[Cl-].[Cl-].[Cu+2].[Cu+2].[OH-].[OH-],ClCCCl,COc1ccc(B(O)O)cc1.NS(=O)(=O)c1ccc2c(c1)CCC2
NS(=O)(=O)c1ccc2c(c1)CCC2,COc1ccc(B(O)O)cc1.NS(=O)(=O)c1ccc2c(c1)CCC2,O=P([O-])([O-])[O-].[K+].CC#N.F[P-](F)(F)(F)(F)F.[Cu+],COc1ccc(NS(=O)(=O)c2ccc3c(c2)CCC3)cc1,COc1ccc(N(c2ccc(OC)cc2)S(=O)(=O)c2ccc3c(c2)CCC3)cc1,COc1ccc(B(O)O)cc1,NS(=O)(=O)c1ccc2c(c1)CCC2,O=P([O-])([O-])[O-].[K+].[K+].[K+],CC#N.CC#N.CC#N.CC#N.F[P-](F)(F)(F)(F)F.[Cu+],CC#N,COc1ccc(B(O)O)cc1.NS(=O)(=O)c1ccc2c(c1)CCC2
NS(=O)(=O)c1ccc2c(c1)CCC2,COc1ccc(B(O)O)cc1.NS(=O)(=O)c1ccc2c(c1)CCC2,CCN(CC)CC.CC#N.F[P-](F)(F)(F)(F)F.[Cu+].CCOC(C)=O,COc1ccc(NS(=O)(=O)c2ccc3c(c2)CCC3)cc1,COc1ccc(N(c2ccc(OC)cc2)S(=O)(=O)c2ccc3c(c2)CCC3)cc1,COc1ccc(B(O)O)cc1,NS(=O)(=O)c1ccc2c(c1)CCC2,CCN(CC)CC,CC#N.CC#N.CC#N.CC#N.F[P-](F)(F)(F)(F)F.[Cu+],CCOC(C)=O,COc1ccc(B(O)O)cc1.NS(=O)(=O)c1ccc2c(c1)CCC2
NS(=O)(=O)c1ccc2c(c1)CCC2,COc1ccc(B(O)O)cc1.NS(=O)(=O)c1ccc2c(c1)CCC2,O=C([O-])[O-].[K+].CC(=O)[O-].[Cu+2].CCOC(C)=O,COc1ccc(NS(=O)(=O)c2ccc3c(c2)CCC3)cc1,COc1ccc(N(c2ccc(OC)cc2)S(=O)(=O)c2ccc3c(c2)CCC3)cc1,COc1ccc(B(O)O)cc1,NS(=O)(=O)c1ccc2c(c1)CCC2,O=C([O-])[O-].[K+].[K+],CC(=O)[O-].CC(=O)[O-].[Cu+2],CCOC(C)=O,COc1ccc(B(O)O)cc1.NS(=O)(=O)c1ccc2c(c1)CCC2
NS(=O)(=O)c1ccc2c(c1)CCC2,COc1ccc(B(O)O)cc1.NS(=O)(=O)c1ccc2c(c1)CCC2,CCN(CC)CC.O=S(=O)([O-])C(F)(F)F.[Cu+2].ClCCCl,COc1ccc(NS(=O)(=O)c2ccc3c(c2)CCC3)cc1,COc1ccc(N(c2ccc(OC)cc2)S(=O)(=O)c2ccc3c(c2)CCC3)cc1,COc1ccc(B(O)O)cc1,NS(=O)(=O)c1ccc2c(c1)CCC2,CCN(CC)CC,O=S(=O)([O-])C(F)(F)F.O=S(=O)([O-])C(F)(F)F.[Cu+2],ClCCCl,COc1ccc(B(O)O)cc1.NS(=O)(=O)c1ccc2c(c1)CCC2
NS(=O)(=O)c1ccc2c(c1)CCC2,COc1ccc(B(O)O)cc1.NS(=O)(=O)c1ccc2c(c1)CCC2,CC(C)(C)C(=O)[O-].[Cs+].CC(=O)[O-].[Cu+2].ClCCCl,COc1ccc(NS(=O)(=O)c2ccc3c(c2)CCC3)cc1,COc1ccc(N(c2ccc(OC)cc2)S(=O)(=O)c2ccc3c(c2)CCC3)cc1,COc1ccc(B(O)O)cc1,NS(=O)(=O)c1ccc2c(c1)CCC2,CC(C)(C)C(=O)[O-].[Cs+],CC(=O)[O-].CC(=O)[O-].[Cu+2],ClCCCl,COc1ccc(B(O)O)cc1.NS(=O)(=O)c1ccc2c(c1)CCC2
NS(=O)(=O)c1ccc([N+](=O)[O-])cc1,COc1ccc(B(O)O)cc1.NS(=O)(=O)c1ccc([N+](=O)[O-])cc1,O=C([O-])[O-].[K+].CN(C)CCN(C)C.[Cl-].[Cu+2].[OH-].CCOC(C)=O,COc1ccc(NS(=O)(=O)c2ccc([N+](=O)[O-])cc2)cc1,COc1ccc(N(c2ccc(OC)cc2)S(=O)(=O)c2ccc([N+](=O)[O-])cc2)cc1,COc1ccc(B(O)O)cc1,NS(=O)(=O)c1ccc([N+](=O)[O-])cc1,O=C([O-])[O-].[K+].[K+],CN(C)CCN(C)C.CN(C)CCN(C)C.[Cl-].[Cl-].[Cu+2].[Cu+2].[OH-].[OH-],CCOC(C)=O,COc1ccc(B(O)O)cc1.NS(=O)(=O)c1ccc([N+](=O)[O-])cc1
NS(=O)(=O)c1ccc([N+](=O)[O-])cc1,COc1ccc(B(O)O)cc1.NS(=O)(=O)c1ccc([N+](=O)[O-])cc1,CCN(CC)CC.O=S(=O)([O-])C(F)(F)F.[Cu+2].CO,COc1ccc(NS(=O)(=O)c2ccc([N+](=O)[O-])cc2)cc1,COc1ccc(N(c2ccc(OC)cc2)S(=O)(=O)c2ccc([N+](=O)[O-])cc2)cc1,COc1ccc(B(O)O)cc1,NS(=O)(=O)c1ccc([N+](=O)[O-])cc1,CCN(CC)CC,O=S(=O)([O-])C(F)(F)F.O=S(=O)([O-])C(F)(F)F.[Cu+2],CO,COc1ccc(B(O)O)cc1.NS(=O)(=O)c1ccc([N+](=O)[O-])cc1
NS(=O)(=O)c1ccc([N+](=O)[O-])cc1,COc1ccc(B(O)O)cc1.NS(=O)(=O)c1ccc([N+](=O)[O-])cc1,CCN(C(C)C)C(C)C.CC(=O)[O-].[Cu+2].ClCCCl,COc1ccc(NS(=O)(=O)c2ccc([N+](=O)[O-])cc2)cc1,COc1ccc(N(c2ccc(OC)cc2)S(=O)(=O)c2ccc([N+](=O)[O-])cc2)cc1,COc1ccc(B(O)O)cc1,NS(=O)(=O)c1ccc([N+](=O)[O-])cc1,CCN(C(C)C)C(C)C,CC(=O)[O-].CC(=O)[O-].[Cu+2],ClCCCl,COc1ccc(B(O)O)cc1.NS(=O)(=O)c1ccc([N+](=O)[O-])cc1
NS(=O)(=O)c1ccc([N+](=O)[O-])cc1,COc1ccc(B(O)O)cc1.NS(=O)(=O)c1ccc([N+](=O)[O-])cc1,CCN(C(C)C)C(C)C.CC(=O)[O-].[Cu+2].CC#N,COc1ccc(NS(=O)(=O)c2ccc([N+](=O)[O-])cc2)cc1,COc1ccc(N(c2ccc(OC)cc2)S(=O)(=O)c2ccc([N+](=O)[O-])cc2)cc1,COc1ccc(B(O)O)cc1,NS(=O)(=O)c1ccc([N+](=O)[O-])cc1,CCN(C(C)C)C(C)C,CC(=O)[O-].CC(=O)[O-].[Cu+2],CC#N,COc1ccc(B(O)O)cc1.NS(=O)(=O)c1ccc([N+](=O)[O-])cc1
NS(=O)(=O)c1ccc([N+](=O)[O-])cc1,COc1ccc(B(O)O)cc1.NS(=O)(=O)c1ccc([N+](=O)[O-])cc1,CCN(CC)CC.CN(C)CCN(C)C.[Cl-].[Cu+2].[OH-].CCOC(C)=O,COc1ccc(NS(=O)(=O)c2ccc([N+](=O)[O-])cc2)cc1,COc1ccc(N(c2ccc(OC)cc2)S(=O)(=O)c2ccc([N+](=O)[O-])cc2)cc1,COc1ccc(B(O)O)cc1,NS(=O)(=O)c1ccc([N+](=O)[O-])cc1,CCN(CC)CC,CN(C)CCN(C)C.CN(C)CCN(C)C.[Cl-].[Cl-].[Cu+2].[Cu+2].[OH-].[OH-],CCOC(C)=O,COc1ccc(B(O)O)cc1.NS(=O)(=O)c1ccc([N+](=O)[O-])cc1
NS(=O)(=O)c1ccc([N+](=O)[O-])cc1,COc1ccc(B(O)O)cc1.NS(=O)(=O)c1ccc([N+](=O)[O-])cc1,CCN(CC)CC.CC(=O)[O-].[Cu+2].CC#N,COc1ccc(NS(=O)(=O)c2ccc([N+](=O)[O-])cc2)cc1,COc1ccc(N(c2ccc(OC)cc2)S(=O)(=O)c2ccc([N+](=O)[O-])cc2)cc1,COc1ccc(B(O)O)cc1,NS(=O)(=O)c1ccc([N+](=O)[O-])cc1,CCN(CC)CC,CC(=O)[O-].CC(=O)[O-].[Cu+2],CC#N,COc1ccc(B(O)O)cc1.NS(=O)(=O)c1ccc([N+](=O)[O-])cc1
NS(=O)(=O)c1ccc([N+](=O)[O-])cc1,COc1ccc(B(O)O)cc1.NS(=O)(=O)c1ccc([N+](=O)[O-])cc1,O=C([O-])[O-].[K+].O=S(=O)([O-])C(F)(F)F.[Cu+2].ClCCCl,COc1ccc(NS(=O)(=O)c2ccc([N+](=O)[O-])cc2)cc1,COc1ccc(N(c2ccc(OC)cc2)S(=O)(=O)c2ccc([N+](=O)[O-])cc2)cc1,COc1ccc(B(O)O)cc1,NS(=O)(=O)c1ccc([N+](=O)[O-])cc1,O=C([O-])[O-].[K+].[K+],O=S(=O)([O-])C(F)(F)F.O=S(=O)([O-])C(F)(F)F.[Cu+2],ClCCCl,COc1ccc(B(O)O)cc1.NS(=O)(=O)c1ccc([N+](=O)[O-])cc1
NS(=O)(=O)c1ccc([N+](=O)[O-])cc1,COc1ccc(B(O)O)cc1.NS(=O)(=O)c1ccc([N+](=O)[O-])cc1,O=C([O-])[O-].[K+].CN(C)CCN(C)C.[Cl-].[Cu+2].[OH-].CCOC(C)=O,COc1ccc(NS(=O)(=O)c2ccc([N+](=O)[O-])cc2)cc1,COc1ccc(N(c2ccc(OC)cc2)S(=O)(=O)c2ccc([N+](=O)[O-])cc2)cc1,COc1ccc(B(O)O)cc1,NS(=O)(=O)c1ccc([N+](=O)[O-])cc1,O=C([O-])[O-].[K+].[K+],CN(C)CCN(C)C.CN(C)CCN(C)C.[Cl-].[Cl-].[Cu+2].[Cu+2].[OH-].[OH-],CCOC(C)=O,COc1ccc(B(O)O)cc1.NS(=O)(=O)c1ccc([N+](=O)[O-])cc1
NS(=O)(=O)c1ccc([N+](=O)[O-])cc1,COc1ccc(B(O)O)cc1.NS(=O)(=O)c1ccc([N+](=O)[O-])cc1,C[Si](C)(C)[O-].[K+].CC(=O)[O-].[Cu+2].ClCCCl,COc1ccc(NS(=O)(=O)c2ccc([N+](=O)[O-])cc2)cc1,COc1ccc(N(c2ccc(OC)cc2)S(=O)(=O)c2ccc([N+](=O)[O-])cc2)cc1,COc1ccc(B(O)O)cc1,NS(=O)(=O)c1ccc([N+](=O)[O-])cc1,C[Si](C)(C)[O-].[K+],CC(=O)[O-].CC(=O)[O-].[Cu+2],ClCCCl,COc1ccc(B(O)O)cc1.NS(=O)(=O)c1ccc([N+](=O)[O-])cc1
NS(=O)(=O)c1ccc([N+](=O)[O-])cc1,COc1ccc(B(O)O)cc1.NS(=O)(=O)c1ccc([N+](=O)[O-])cc1,O=S(=O)([O-])C(F)(F)F.[Cu+2].CO,COc1ccc(NS(=O)(=O)c2ccc([N+](=O)[O-])cc2)cc1,COc1ccc(N(c2ccc(OC)cc2)S(=O)(=O)c2ccc([N+](=O)[O-])cc2)cc1,COc1ccc(B(O)O)cc1,NS(=O)(=O)c1ccc([N+](=O)[O-])cc1,,O=S(=O)([O-])C(F)(F)F.O=S(=O)([O-])C(F)(F)F.[Cu+2],CO,COc1ccc(B(O)O)cc1.NS(=O)(=O)c1ccc([N+](=O)[O-])cc1
CC(C)(C)OC(=O)N1CCC(S(N)(=O)=O)CC1,COc1ccc(B(O)O)cc1.CC(C)(C)OC(=O)N1CCC(S(N)(=O)=O)CC1,CC(=O)[O-].[Cu+2].CO,COc1ccc(NS(=O)(=O)C2CCN(C(=O)OC(C)(C)C)CC2)cc1,COc1ccc(N(c2ccc(OC)cc2)S(=O)(=O)C2CCN(C(=O)OC(C)(C)C)CC2)cc1,COc1ccc(B(O)O)cc1,CC(C)(C)OC(=O)N1CCC(S(N)(=O)=O)CC1,,CC(=O)[O-].CC(=O)[O-].[Cu+2],CO,CC(C)(C)OC(=O)N1CCC(S(N)(=O)=O)CC1.COc1ccc(B(O)O)cc1
CC(C)(C)OC(=O)N1CCC(S(N)(=O)=O)CC1,COc1ccc(B(O)O)cc1.CC(C)(C)OC(=O)N1CCC(S(N)(=O)=O)CC1,CCN(CC)CC.CC#N.F[P-](F)(F)(F)(F)F.[Cu+],COc1ccc(NS(=O)(=O)C2CCN(C(=O)OC(C)(C)C)CC2)cc1,COc1ccc(N(c2ccc(OC)cc2)S(=O)(=O)C2CCN(C(=O)OC(C)(C)C)CC2)cc1,COc1ccc(B(O)O)cc1,CC(C)(C)OC(=O)N1CCC(S(N)(=O)=O)CC1,CCN(CC)CC,CC#N.CC#N.CC#N.CC#N.F[P-](F)(F)(F)(F)F.[Cu+],CC#N,CC(C)(C)OC(=O)N1CCC(S(N)(=O)=O)CC1.COc1ccc(B(O)O)cc1
CC(C)(C)OC(=O)N1CCC(S(N)(=O)=O)CC1,COc1ccc(B(O)O)cc1.CC(C)(C)OC(=O)N1CCC(S(N)(=O)=O)CC1,CCN(CC)CC.CC(=O)[O-].[Cu+2].CCOC(C)=O,COc1ccc(NS(=O)(=O)C2CCN(C(=O)OC(C)(C)C)CC2)cc1,COc1ccc(N(c2ccc(OC)cc2)S(=O)(=O)C2CCN(C(=O)OC(C)(C)C)CC2)cc1,COc1ccc(B(O)O)cc1,CC(C)(C)OC(=O)N1CCC(S(N)(=O)=O)CC1,CCN(CC)CC,CC(=O)[O-].CC(=O)[O-].[Cu+2],CCOC(C)=O,CC(C)(C)OC(=O)N1CCC(S(N)(=O)=O)CC1.COc1ccc(B(O)O)cc1
CC(C)(C)OC(=O)N1CCC(S(N)(=O)=O)CC1,COc1ccc(B(O)O)cc1.CC(C)(C)OC(=O)N1CCC(S(N)(=O)=O)CC1,CCN(C(C)C)C(C)C.O=S(=O)([O-])C(F)(F)F.[Cu+2].CC#N,COc1ccc(NS(=O)(=O)C2CCN(C(=O)OC(C)(C)C)CC2)cc1,COc1ccc(N(c2ccc(OC)cc2)S(=O)(=O)C2CCN(C(=O)OC(C)(C)C)CC2)cc1,COc1ccc(B(O)O)cc1,CC(C)(C)OC(=O)N1CCC(S(N)(=O)=O)CC1,CCN(C(C)C)C(C)C,O=S(=O)([O-])C(F)(F)F.O=S(=O)([O-])C(F)(F)F.[Cu+2],CC#N,CC(C)(C)OC(=O)N1CCC(S(N)(=O)=O)CC1.COc1ccc(B(O)O)cc1
CC(C)(C)OC(=O)N1CCC(S(N)(=O)=O)CC1,COc1ccc(B(O)O)cc1.CC(C)(C)OC(=O)N1CCC(S(N)(=O)=O)CC1,CN(C)CCN(C)C.[Cl-].[Cu+2].[OH-].ClCCCl,COc1ccc(NS(=O)(=O)C2CCN(C(=O)OC(C)(C)C)CC2)cc1,COc1ccc(N(c2ccc(OC)cc2)S(=O)(=O)C2CCN(C(=O)OC(C)(C)C)CC2)cc1,COc1ccc(B(O)O)cc1,CC(C)(C)OC(=O)N1CCC(S(N)(=O)=O)CC1,,CN(C)CCN(C)C.CN(C)CCN(C)C.[Cl-].[Cl-].[Cu+2].[Cu+2].[OH-].[OH-],ClCCCl,CC(C)(C)OC(=O)N1CCC(S(N)(=O)=O)CC1.COc1ccc(B(O)O)cc1
CC(C)(C)OC(=O)N1CCC(S(N)(=O)=O)CC1,COc1ccc(B(O)O)cc1.CC(C)(C)OC(=O)N1CCC(S(N)(=O)=O)CC1,CCN(C(C)C)C(C)C.O=S(=O)([O-])C(F)(F)F.[Cu+2].CCOC(C)=O,COc1ccc(NS(=O)(=O)C2CCN(C(=O)OC(C)(C)C)CC2)cc1,COc1ccc(N(c2ccc(OC)cc2)S(=O)(=O)C2CCN(C(=O)OC(C)(C)C)CC2)cc1,COc1ccc(B(O)O)cc1,CC(C)(C)OC(=O)N1CCC(S(N)(=O)=O)CC1,CCN(C(C)C)C(C)C,O=S(=O)([O-])C(F)(F)F.O=S(=O)([O-])C(F)(F)F.[Cu+2],CCOC(C)=O,CC(C)(C)OC(=O)N1CCC(S(N)(=O)=O)CC1.COc1ccc(B(O)O)cc1
CC(C)(C)OC(=O)N1CCC(S(N)(=O)=O)CC1,COc1ccc(B(O)O)cc1.CC(C)(C)OC(=O)N1CCC(S(N)(=O)=O)CC1,CCN(C(C)C)C(C)C.CN(C)CCN(C)C.[Cl-].[Cu+2].[OH-].ClCCCl,COc1ccc(NS(=O)(=O)C2CCN(C(=O)OC(C)(C)C)CC2)cc1,COc1ccc(N(c2ccc(OC)cc2)S(=O)(=O)C2CCN(C(=O)OC(C)(C)C)CC2)cc1,COc1ccc(B(O)O)cc1,CC(C)(C)OC(=O)N1CCC(S(N)(=O)=O)CC1,CCN(C(C)C)C(C)C,CN(C)CCN(C)C.CN(C)CCN(C)C.[Cl-].[Cl-].[Cu+2].[Cu+2].[OH-].[OH-],ClCCCl,CC(C)(C)OC(=O)N1CCC(S(N)(=O)=O)CC1.COc1ccc(B(O)O)cc1
CC(C)(C)OC(=O)N1CCC(S(N)(=O)=O)CC1,COc1ccc(B(O)O)cc1.CC(C)(C)OC(=O)N1CCC(S(N)(=O)=O)CC1,O=C([O-])[O-].[K+].CC(=O)[O-].[Cu+2].CCOC(C)=O,COc1ccc(NS(=O)(=O)C2CCN(C(=O)OC(C)(C)C)CC2)cc1,COc1ccc(N(c2ccc(OC)cc2)S(=O)(=O)C2CCN(C(=O)OC(C)(C)C)CC2)cc1,COc1ccc(B(O)O)cc1,CC(C)(C)OC(=O)N1CCC(S(N)(=O)=O)CC1,O=C([O-])[O-].[K+].[K+],CC(=O)[O-].CC(=O)[O-].[Cu+2],CCOC(C)=O,CC(C)(C)OC(=O)N1CCC(S(N)(=O)=O)CC1.COc1ccc(B(O)O)cc1
CC(C)(C)OC(=O)N1CCC(S(N)(=O)=O)CC1,COc1ccc(B(O)O)cc1.CC(C)(C)OC(=O)N1CCC(S(N)(=O)=O)CC1,CN(C)CCN(C)C.[Cl-].[Cu+2].[OH-].CO,COc1ccc(NS(=O)(=O)C2CCN(C(=O)OC(C)(C)C)CC2)cc1,COc1ccc(N(c2ccc(OC)cc2)S(=O)(=O)C2CCN(C(=O)OC(C)(C)C)CC2)cc1,COc1ccc(B(O)O)cc1,CC(C)(C)OC(=O)N1CCC(S(N)(=O)=O)CC1,,CN(C)CCN(C)C.CN(C)CCN(C)C.[Cl-].[Cl-].[Cu+2].[Cu+2].[OH-].[OH-],CO,CC(C)(C)OC(=O)N1CCC(S(N)(=O)=O)CC1.COc1ccc(B(O)O)cc1
NS(=O)(=O)Cc1cccc(C(F)(F)F)c1,COc1ccc(B(O)O)cc1.NS(=O)(=O)Cc1cccc(C(F)(F)F)c1,CCN(C(C)C)C(C)C.CC#N.F[P-](F)(F)(F)(F)F.[Cu+],COc1ccc(NS(=O)(=O)Cc2cccc(C(F)(F)F)c2)cc1,COc1ccc(N(c2ccc(OC)cc2)S(=O)(=O)Cc2cccc(C(F)(F)F)c2)cc1,COc1ccc(B(O)O)cc1,NS(=O)(=O)Cc1cccc(C(F)(F)F)c1,CCN(C(C)C)C(C)C,CC#N.CC#N.CC#N.CC#N.F[P-](F)(F)(F)(F)F.[Cu+],CC#N,COc1ccc(B(O)O)cc1.NS(=O)(=O)Cc1cccc(C(F)(F)F)c1
NS(=O)(=O)Cc1cccc(C(F)(F)F)c1,COc1ccc(B(O)O)cc1.NS(=O)(=O)Cc1cccc(C(F)(F)F)c1,CCN(CC)CC.CC(=O)[O-].[Cu+2].CCOC(C)=O,COc1ccc(NS(=O)(=O)Cc2cccc(C(F)(F)F)c2)cc1,COc1ccc(N(c2ccc(OC)cc2)S(=O)(=O)Cc2cccc(C(F)(F)F)c2)cc1,COc1ccc(B(O)O)cc1,NS(=O)(=O)Cc1cccc(C(F)(F)F)c1,CCN(CC)CC,CC(=O)[O-].CC(=O)[O-].[Cu+2],CCOC(C)=O,COc1ccc(B(O)O)cc1.NS(=O)(=O)Cc1cccc(C(F)(F)F)c1
NS(=O)(=O)Cc1cccc(C(F)(F)F)c1,COc1ccc(B(O)O)cc1.NS(=O)(=O)Cc1cccc(C(F)(F)F)c1,CCN(C(C)C)C(C)C.CC(=O)[O-].[Cu+2].CCOC(C)=O,COc1ccc(NS(=O)(=O)Cc2cccc(C(F)(F)F)c2)cc1,COc1ccc(N(c2ccc(OC)cc2)S(=O)(=O)Cc2cccc(C(F)(F)F)c2)cc1,COc1ccc(B(O)O)cc1,NS(=O)(=O)Cc1cccc(C(F)(F)F)c1,CCN(C(C)C)C(C)C,CC(=O)[O-].CC(=O)[O-].[Cu+2],CCOC(C)=O,COc1ccc(B(O)O)cc1.NS(=O)(=O)Cc1cccc(C(F)(F)F)c1
NS(=O)(=O)Cc1cccc(C(F)(F)F)c1,COc1ccc(B(O)O)cc1.NS(=O)(=O)Cc1cccc(C(F)(F)F)c1,CCN(CC)CC.O=S(=O)([O-])C(F)(F)F.[Cu+2].ClCCCl,COc1ccc(NS(=O)(=O)Cc2cccc(C(F)(F)F)c2)cc1,COc1ccc(N(c2ccc(OC)cc2)S(=O)(=O)Cc2cccc(C(F)(F)F)c2)cc1,COc1ccc(B(O)O)cc1,NS(=O)(=O)Cc1cccc(C(F)(F)F)c1,CCN(CC)CC,O=S(=O)([O-])C(F)(F)F.O=S(=O)([O-])C(F)(F)F.[Cu+2],ClCCCl,COc1ccc(B(O)O)cc1.NS(=O)(=O)Cc1cccc(C(F)(F)F)c1
NS(=O)(=O)Cc1cccc(C(F)(F)F)c1,COc1ccc(B(O)O)cc1.NS(=O)(=O)Cc1cccc(C(F)(F)F)c1,Cc1ccncc1.CC(=O)[O-].[Cu+2].ClCCCl,COc1ccc(NS(=O)(=O)Cc2cccc(C(F)(F)F)c2)cc1,COc1ccc(N(c2ccc(OC)cc2)S(=O)(=O)Cc2cccc(C(F)(F)F)c2)cc1,COc1ccc(B(O)O)cc1,NS(=O)(=O)Cc1cccc(C(F)(F)F)c1,Cc1ccncc1,CC(=O)[O-].CC(=O)[O-].[Cu+2],ClCCCl,COc1ccc(B(O)O)cc1.NS(=O)(=O)Cc1cccc(C(F)(F)F)c1
NS(=O)(=O)Cc1cccc(C(F)(F)F)c1,COc1ccc(B(O)O)cc1.NS(=O)(=O)Cc1cccc(C(F)(F)F)c1,CN(C)c1ccncc1.CC(=O)[O-].[Cu+2].ClCCCl,COc1ccc(NS(=O)(=O)Cc2cccc(C(F)(F)F)c2)cc1,COc1ccc(N(c2ccc(OC)cc2)S(=O)(=O)Cc2cccc(C(F)(F)F)c2)cc1,COc1ccc(B(O)O)cc1,NS(=O)(=O)Cc1cccc(C(F)(F)F)c1,CN(C)c1ccncc1,CC(=O)[O-].CC(=O)[O-].[Cu+2],ClCCCl,COc1ccc(B(O)O)cc1.NS(=O)(=O)Cc1cccc(C(F)(F)F)c1
NS(=O)(=O)Cc1cccc(C(F)(F)F)c1,COc1ccc(B(O)O)cc1.NS(=O)(=O)Cc1cccc(C(F)(F)F)c1,CCN(C(C)C)C(C)C.CC(=O)[O-].[Cu+2].CO,COc1ccc(NS(=O)(=O)Cc2cccc(C(F)(F)F)c2)cc1,COc1ccc(N(c2ccc(OC)cc2)S(=O)(=O)Cc2cccc(C(F)(F)F)c2)cc1,COc1ccc(B(O)O)cc1,NS(=O)(=O)Cc1cccc(C(F)(F)F)c1,CCN(C(C)C)C(C)C,CC(=O)[O-].CC(=O)[O-].[Cu+2],CO,COc1ccc(B(O)O)cc1.NS(=O)(=O)Cc1cccc(C(F)(F)F)c1
NS(=O)(=O)Cc1cccc(C(F)(F)F)c1,COc1ccc(B(O)O)cc1.NS(=O)(=O)Cc1cccc(C(F)(F)F)c1,CCN(CC)CC.CC(=O)[O-].[Cu+2].CO,COc1ccc(NS(=O)(=O)Cc2cccc(C(F)(F)F)c2)cc1,COc1ccc(N(c2ccc(OC)cc2)S(=O)(=O)Cc2cccc(C(F)(F)F)c2)cc1,COc1ccc(B(O)O)cc1,NS(=O)(=O)Cc1cccc(C(F)(F)F)c1,CCN(CC)CC,CC(=O)[O-].CC(=O)[O-].[Cu+2],CO,COc1ccc(B(O)O)cc1.NS(=O)(=O)Cc1cccc(C(F)(F)F)c1
NS(=O)(=O)Cc1cccc(C(F)(F)F)c1,COc1ccc(B(O)O)cc1.NS(=O)(=O)Cc1cccc(C(F)(F)F)c1,CCN(C(C)C)C(C)C.O=S(=O)([O-])C(F)(F)F.[Cu+2].CC#N,COc1ccc(NS(=O)(=O)Cc2cccc(C(F)(F)F)c2)cc1,COc1ccc(N(c2ccc(OC)cc2)S(=O)(=O)Cc2cccc(C(F)(F)F)c2)cc1,COc1ccc(B(O)O)cc1,NS(=O)(=O)Cc1cccc(C(F)(F)F)c1,CCN(C(C)C)C(C)C,O=S(=O)([O-])C(F)(F)F.O=S(=O)([O-])C(F)(F)F.[Cu+2],CC#N,COc1ccc(B(O)O)cc1.NS(=O)(=O)Cc1cccc(C(F)(F)F)c1
Cc1ccc(-c2cc(C(F)(F)F)nn2-c2ccc(S(N)(=O)=O)cc2)cc1,OB(O)c1ccc(C(F)(F)F)cc1.Cc1ccc(-c2cc(C(F)(F)F)nn2-c2ccc(S(N)(=O)=O)cc2)cc1,CC(=O)[O-].[Cu+2].CC#N,Cc1ccc(-c2cc(C(F)(F)F)nn2-c2ccc(S(=O)(=O)Nc3ccc(C(F)(F)F)cc3)cc2)cc1,Cc1ccc(-c2cc(C(F)(F)F)nn2-c2ccc(S(=O)(=O)N(c3ccc(C(F)(F)F)cc3)c3ccc(C(F)(F)F)cc3)cc2)cc1,OB(O)c1ccc(C(F)(F)F)cc1,Cc1ccc(-c2cc(C(F)(F)F)nn2-c2ccc(S(N)(=O)=O)cc2)cc1,,CC(=O)[O-].CC(=O)[O-].[Cu+2],CC#N,Cc1ccc(-c2cc(C(F)(F)F)nn2-c2ccc(S(N)(=O)=O)cc2)cc1.OB(O)c1ccc(C(F)(F)F)cc1
Cc1ccc(-c2cc(C(F)(F)F)nn2-c2ccc(S(N)(=O)=O)cc2)cc1,COc1ccc(B(O)O)cc1.Cc1ccc(-c2cc(C(F)(F)F)nn2-c2ccc(S(N)(=O)=O)cc2)cc1,C[Si](C)(C)[O-].[K+].CC(=O)[O-].[Cu+2].ClCCCl,COc1ccc(NS(=O)(=O)c2ccc(-n3nc(C(F)(F)F)cc3-c3ccc(C)cc3)cc2)cc1,COc1ccc(N(c2ccc(OC)cc2)S(=O)(=O)c2ccc(-n3nc(C(F)(F)F)cc3-c3ccc(C)cc3)cc2)cc1,COc1ccc(B(O)O)cc1,Cc1ccc(-c2cc(C(F)(F)F)nn2-c2ccc(S(N)(=O)=O)cc2)cc1,C[Si](C)(C)[O-].[K+],CC(=O)[O-].CC(=O)[O-].[Cu+2],ClCCCl,COc1ccc(B(O)O)cc1.Cc1ccc(-c2cc(C(F)(F)F)nn2-c2ccc(S(N)(=O)=O)cc2)cc1
Cc1ccc(-c2cc(C(F)(F)F)nn2-c2ccc(S(N)(=O)=O)cc2)cc1,OB(O)c1ccc(C(F)(F)F)cc1.Cc1ccc(-c2cc(C(F)(F)F)nn2-c2ccc(S(N)(=O)=O)cc2)cc1,O=P([O-])([O-])[O-].[K+].CC(=O)[O-].[Cu+2].CC#N,Cc1ccc(-c2cc(C(F)(F)F)nn2-c2ccc(S(=O)(=O)Nc3ccc(C(F)(F)F)cc3)cc2)cc1,Cc1ccc(-c2cc(C(F)(F)F)nn2-c2ccc(S(=O)(=O)N(c3ccc(C(F)(F)F)cc3)c3ccc(C(F)(F)F)cc3)cc2)cc1,OB(O)c1ccc(C(F)(F)F)cc1,Cc1ccc(-c2cc(C(F)(F)F)nn2-c2ccc(S(N)(=O)=O)cc2)cc1,O=P([O-])([O-])[O-].[K+].[K+].[K+],CC(=O)[O-].CC(=O)[O-].[Cu+2],CC#N,Cc1ccc(-c2cc(C(F)(F)F)nn2-c2ccc(S(N)(=O)=O)cc2)cc1.OB(O)c1ccc(C(F)(F)F)cc1
Cc1ccc(-c2cc(C(F)(F)F)nn2-c2ccc(S(N)(=O)=O)cc2)cc1,COc1ccc(B(O)O)cc1.Cc1ccc(-c2cc(C(F)(F)F)nn2-c2ccc(S(N)(=O)=O)cc2)cc1,CCN(C(C)C)C(C)C.CC(=O)[O-].[Cu+2].CCOC(C)=O,COc1ccc(NS(=O)(=O)c2ccc(-n3nc(C(F)(F)F)cc3-c3ccc(C)cc3)cc2)cc1,COc1ccc(N(c2ccc(OC)cc2)S(=O)(=O)c2ccc(-n3nc(C(F)(F)F)cc3-c3ccc(C)cc3)cc2)cc1,COc1ccc(B(O)O)cc1,Cc1ccc(-c2cc(C(F)(F)F)nn2-c2ccc(S(N)(=O)=O)cc2)cc1,CCN(C(C)C)C(C)C,CC(=O)[O-].CC(=O)[O-].[Cu+2],CCOC(C)=O,COc1ccc(B(O)O)cc1.Cc1ccc(-c2cc(C(F)(F)F)nn2-c2ccc(S(N)(=O)=O)cc2)cc1
Cc1ccc(-c2cc(C(F)(F)F)nn2-c2ccc(S(N)(=O)=O)cc2)cc1,OB(O)c1ccc(C(F)(F)F)cc1.Cc1ccc(-c2cc(C(F)(F)F)nn2-c2ccc(S(N)(=O)=O)cc2)cc1,CCN(CC)CC.CN(C)CCN(C)C.[Cl-].[Cu+2].[OH-].CCOC(C)=O,Cc1ccc(-c2cc(C(F)(F)F)nn2-c2ccc(S(=O)(=O)Nc3ccc(C(F)(F)F)cc3)cc2)cc1,Cc1ccc(-c2cc(C(F)(F)F)nn2-c2ccc(S(=O)(=O)N(c3ccc(C(F)(F)F)cc3)c3ccc(C(F)(F)F)cc3)cc2)cc1,OB(O)c1ccc(C(F)(F)F)cc1,Cc1ccc(-c2cc(C(F)(F)F)nn2-c2ccc(S(N)(=O)=O)cc2)cc1,CCN(CC)CC,CN(C)CCN(C)C.CN(C)CCN(C)C.[Cl-].[Cl-].[Cu+2].[Cu+2].[OH-].[OH-],CCOC(C)=O,Cc1ccc(-c2cc(C(F)(F)F)nn2-c2ccc(S(N)(=O)=O)cc2)cc1.OB(O)c1ccc(C(F)(F)F)cc1
Cc1ccc(-c2cc(C(F)(F)F)nn2-c2ccc(S(N)(=O)=O)cc2)cc1,COc1ccc(B(O)O)cc1.Cc1ccc(-c2cc(C(F)(F)F)nn2-c2ccc(S(N)(=O)=O)cc2)cc1,O=C([O-])[O-].[Na+].CC(=O)[O-].[Cu+2].ClCCCl,COc1ccc(NS(=O)(=O)c2ccc(-n3nc(C(F)(F)F)cc3-c3ccc(C)cc3)cc2)cc1,COc1ccc(N(c2ccc(OC)cc2)S(=O)(=O)c2ccc(-n3nc(C(F)(F)F)cc3-c3ccc(C)cc3)cc2)cc1,COc1ccc(B(O)O)cc1,Cc1ccc(-c2cc(C(F)(F)F)nn2-c2ccc(S(N)(=O)=O)cc2)cc1,O=C([O-])[O-].[Na+].[Na+],CC(=O)[O-].CC(=O)[O-].[Cu+2],ClCCCl,COc1ccc(B(O)O)cc1.Cc1ccc(-c2cc(C(F)(F)F)nn2-c2ccc(S(N)(=O)=O)cc2)cc1
Cc1ccc(-c2cc(C(F)(F)F)nn2-c2ccc(S(N)(=O)=O)cc2)cc1,COc1ccc(B(O)O)cc1.Cc1ccc(-c2cc(C(F)(F)F)nn2-c2ccc(S(N)(=O)=O)cc2)cc1,O=P([O-])([O-])[O-].[K+].O=S(=O)([O-])C(F)(F)F.[Cu+2].CO,COc1ccc(NS(=O)(=O)c2ccc(-n3nc(C(F)(F)F)cc3-c3ccc(C)cc3)cc2)cc1,COc1ccc(N(c2ccc(OC)cc2)S(=O)(=O)c2ccc(-n3nc(C(F)(F)F)cc3-c3ccc(C)cc3)cc2)cc1,COc1ccc(B(O)O)cc1,Cc1ccc(-c2cc(C(F)(F)F)nn2-c2ccc(S(N)(=O)=O)cc2)cc1,O=P([O-])([O-])[O-].[K+].[K+].[K+],O=S(=O)([O-])C(F)(F)F.O=S(=O)([O-])C(F)(F)F.[Cu+2],CO,COc1ccc(B(O)O)cc1.Cc1ccc(-c2cc(C(F)(F)F)nn2-c2ccc(S(N)(=O)=O)cc2)cc1
Cc1ccc(-c2cc(C(F)(F)F)nn2-c2ccc(S(N)(=O)=O)cc2)cc1,OB(O)c1ccc(C(F)(F)F)cc1.Cc1ccc(-c2cc(C(F)(F)F)nn2-c2ccc(S(N)(=O)=O)cc2)cc1,CC(=O)[O-].[Cu+2].CCOC(C)=O,Cc1ccc(-c2cc(C(F)(F)F)nn2-c2ccc(S(=O)(=O)Nc3ccc(C(F)(F)F)cc3)cc2)cc1,Cc1ccc(-c2cc(C(F)(F)F)nn2-c2ccc(S(=O)(=O)N(c3ccc(C(F)(F)F)cc3)c3ccc(C(F)(F)F)cc3)cc2)cc1,OB(O)c1ccc(C(F)(F)F)cc1,Cc1ccc(-c2cc(C(F)(F)F)nn2-c2ccc(S(N)(=O)=O)cc2)cc1,,CC(=O)[O-].CC(=O)[O-].[Cu+2],CCOC(C)=O,Cc1ccc(-c2cc(C(F)(F)F)nn2-c2ccc(S(N)(=O)=O)cc2)cc1.OB(O)c1ccc(C(F)(F)F)cc1
Cc1ccc(-c2cc(C(F)(F)F)nn2-c2ccc(S(N)(=O)=O)cc2)cc1,OB(O)c1ccc(C(F)(F)F)cc1.Cc1ccc(-c2cc(C(F)(F)F)nn2-c2ccc(S(N)(=O)=O)cc2)cc1,O=C([O-])[O-].[K+].CC#N.F[P-](F)(F)(F)(F)F.[Cu+].CO,Cc1ccc(-c2cc(C(F)(F)F)nn2-c2ccc(S(=O)(=O)Nc3ccc(C(F)(F)F)cc3)cc2)cc1,Cc1ccc(-c2cc(C(F)(F)F)nn2-c2ccc(S(=O)(=O)N(c3ccc(C(F)(F)F)cc3)c3ccc(C(F)(F)F)cc3)cc2)cc1,OB(O)c1ccc(C(F)(F)F)cc1,Cc1ccc(-c2cc(C(F)(F)F)nn2-c2ccc(S(N)(=O)=O)cc2)cc1,O=C([O-])[O-].[K+].[K+],CC#N.CC#N.CC#N.CC#N.F[P-](F)(F)(F)(F)F.[Cu+],CO,Cc1ccc(-c2cc(C(F)(F)F)nn2-c2ccc(S(N)(=O)=O)cc2)cc1.OB(O)c1ccc(C(F)(F)F)cc1
Cc1ccc(-c2cc(C(F)(F)F)nn2-c2ccc(S(N)(=O)=O)cc2)cc1,COc1ccc(B(O)O)cc1.Cc1ccc(-c2cc(C(F)(F)F)nn2-c2ccc(S(N)(=O)=O)cc2)cc1,CCN(CC)CC.CN(C)CCN(C)C.[Cl-].[Cu+2].[OH-].CC#N,COc1ccc(NS(=O)(=O)c2ccc(-n3nc(C(F)(F)F)cc3-c3ccc(C)cc3)cc2)cc1,COc1ccc(N(c2ccc(OC)cc2)S(=O)(=O)c2ccc(-n3nc(C(F)(F)F)cc3-c3ccc(C)cc3)cc2)cc1,COc1ccc(B(O)O)cc1,Cc1ccc(-c2cc(C(F)(F)F)nn2-c2ccc(S(N)(=O)=O)cc2)cc1,CCN(CC)CC,CN(C)CCN(C)C.CN(C)CCN(C)C.[Cl-].[Cl-].[Cu+2].[Cu+2].[OH-].[OH-],CC#N,COc1ccc(B(O)O)cc1.Cc1ccc(-c2cc(C(F)(F)F)nn2-c2ccc(S(N)(=O)=O)cc2)cc1
Cc1ccc(-c2cc(C(F)(F)F)nn2-c2ccc(S(N)(=O)=O)cc2)cc1,OB(O)c1ccc(C(F)(F)F)cc1.Cc1ccc(-c2cc(C(F)(F)F)nn2-c2ccc(S(N)(=O)=O)cc2)cc1,O=S(=O)([O-])C(F)(F)F.[Cu+2].ClCCCl,Cc1ccc(-c2cc(C(F)(F)F)nn2-c2ccc(S(=O)(=O)Nc3ccc(C(F)(F)F)cc3)cc2)cc1,Cc1ccc(-c2cc(C(F)(F)F)nn2-c2ccc(S(=O)(=O)N(c3ccc(C(F)(F)F)cc3)c3ccc(C(F)(F)F)cc3)cc2)cc1,OB(O)c1ccc(C(F)(F)F)cc1,Cc1ccc(-c2cc(C(F)(F)F)nn2-c2ccc(S(N)(=O)=O)cc2)cc1,,O=S(=O)([O-])C(F)(F)F.O=S(=O)([O-])C(F)(F)F.[Cu+2],ClCCCl,Cc1ccc(-c2cc(C(F)(F)F)nn2-c2ccc(S(N)(=O)=O)cc2)cc1.OB(O)c1ccc(C(F)(F)F)cc1
Cc1ccc(-c2cc(C(F)(F)F)nn2-c2ccc(S(N)(=O)=O)cc2)cc1,COc1ccc(B(O)O)cc1.Cc1ccc(-c2cc(C(F)(F)F)nn2-c2ccc(S(N)(=O)=O)cc2)cc1,CC(=O)[O-].[Cu+2].CO,COc1ccc(NS(=O)(=O)c2ccc(-n3nc(C(F)(F)F)cc3-c3ccc(C)cc3)cc2)cc1,COc1ccc(N(c2ccc(OC)cc2)S(=O)(=O)c2ccc(-n3nc(C(F)(F)F)cc3-c3ccc(C)cc3)cc2)cc1,COc1ccc(B(O)O)cc1,Cc1ccc(-c2cc(C(F)(F)F)nn2-c2ccc(S(N)(=O)=O)cc2)cc1,,CC(=O)[O-].CC(=O)[O-].[Cu+2],CO,COc1ccc(B(O)O)cc1.Cc1ccc(-c2cc(C(F)(F)F)nn2-c2ccc(S(N)(=O)=O)cc2)cc1
Cc1ccc(-c2cc(C(F)(F)F)nn2-c2ccc(S(N)(=O)=O)cc2)cc1,COc1ccc(B(O)O)cc1.Cc1ccc(-c2cc(C(F)(F)F)nn2-c2ccc(S(N)(=O)=O)cc2)cc1,O=C([O-])[O-].[K+].O=S(=O)([O-])C(F)(F)F.[Cu+2].CCOC(C)=O,COc1ccc(NS(=O)(=O)c2ccc(-n3nc(C(F)(F)F)cc3-c3ccc(C)cc3)cc2)cc1,COc1ccc(N(c2ccc(OC)cc2)S(=O)(=O)c2ccc(-n3nc(C(F)(F)F)cc3-c3ccc(C)cc3)cc2)cc1,COc1ccc(B(O)O)cc1,Cc1ccc(-c2cc(C(F)(F)F)nn2-c2ccc(S(N)(=O)=O)cc2)cc1,O=C([O-])[O-].[K+].[K+],O=S(=O)([O-])C(F)(F)F.O=S(=O)([O-])C(F)(F)F.[Cu+2],CCOC(C)=O,COc1ccc(B(O)O)cc1.Cc1ccc(-c2cc(C(F)(F)F)nn2-c2ccc(S(N)(=O)=O)cc2)cc1
Cc1ccc(-c2cc(C(F)(F)F)nn2-c2ccc(S(N)(=O)=O)cc2)cc1,COc1ccc(B(O)O)cc1.Cc1ccc(-c2cc(C(F)(F)F)nn2-c2ccc(S(N)(=O)=O)cc2)cc1,O=P([O-])([O-])[O-].[K+].CC#N.F[P-](F)(F)(F)(F)F.[Cu+],COc1ccc(NS(=O)(=O)c2ccc(-n3nc(C(F)(F)F)cc3-c3ccc(C)cc3)cc2)cc1,COc1ccc(N(c2ccc(OC)cc2)S(=O)(=O)c2ccc(-n3nc(C(F)(F)F)cc3-c3ccc(C)cc3)cc2)cc1,COc1ccc(B(O)O)cc1,Cc1ccc(-c2cc(C(F)(F)F)nn2-c2ccc(S(N)(=O)=O)cc2)cc1,O=P([O-])([O-])[O-].[K+].[K+].[K+],CC#N.CC#N.CC#N.CC#N.F[P-](F)(F)(F)(F)F.[Cu+],CC#N,COc1ccc(B(O)O)cc1.Cc1ccc(-c2cc(C(F)(F)F)nn2-c2ccc(S(N)(=O)=O)cc2)cc1
Cc1ccc(-c2cc(C(F)(F)F)nn2-c2ccc(S(N)(=O)=O)cc2)cc1,COc1ccc(B(O)O)cc1.Cc1ccc(-c2cc(C(F)(F)F)nn2-c2ccc(S(N)(=O)=O)cc2)cc1,CCN(CC)CC.CN(C)CCN(C)C.[Cl-].[Cu+2].[OH-].CC#N,COc1ccc(NS(=O)(=O)c2ccc(-n3nc(C(F)(F)F)cc3-c3ccc(C)cc3)cc2)cc1,COc1ccc(N(c2ccc(OC)cc2)S(=O)(=O)c2ccc(-n3nc(C(F)(F)F)cc3-c3ccc(C)cc3)cc2)cc1,COc1ccc(B(O)O)cc1,Cc1ccc(-c2cc(C(F)(F)F)nn2-c2ccc(S(N)(=O)=O)cc2)cc1,CCN(CC)CC,CN(C)CCN(C)C.CN(C)CCN(C)C.[Cl-].[Cl-].[Cu+2].[Cu+2].[OH-].[OH-],CC#N,COc1ccc(B(O)O)cc1.Cc1ccc(-c2cc(C(F)(F)F)nn2-c2ccc(S(N)(=O)=O)cc2)cc1
Cc1ccc(-c2cc(C(F)(F)F)nn2-c2ccc(S(N)(=O)=O)cc2)cc1,OB(O)c1ccc(C(F)(F)F)cc1.Cc1ccc(-c2cc(C(F)(F)F)nn2-c2ccc(S(N)(=O)=O)cc2)cc1,CCN(C(C)C)C(C)C.CC#N.F[P-](F)(F)(F)(F)F.[Cu+].ClCCCl,Cc1ccc(-c2cc(C(F)(F)F)nn2-c2ccc(S(=O)(=O)Nc3ccc(C(F)(F)F)cc3)cc2)cc1,Cc1ccc(-c2cc(C(F)(F)F)nn2-c2ccc(S(=O)(=O)N(c3ccc(C(F)(F)F)cc3)c3ccc(C(F)(F)F)cc3)cc2)cc1,OB(O)c1ccc(C(F)(F)F)cc1,Cc1ccc(-c2cc(C(F)(F)F)nn2-c2ccc(S(N)(=O)=O)cc2)cc1,CCN(C(C)C)C(C)C,CC#N.CC#N.CC#N.CC#N.F[P-](F)(F)(F)(F)F.[Cu+],ClCCCl,Cc1ccc(-c2cc(C(F)(F)F)nn2-c2ccc(S(N)(=O)=O)cc2)cc1.OB(O)c1ccc(C(F)(F)F)cc1
Cc1ccc(-c2cc(C(F)(F)F)nn2-c2ccc(S(N)(=O)=O)cc2)cc1,OB(O)c1ccc(C(F)(F)F)cc1.Cc1ccc(-c2cc(C(F)(F)F)nn2-c2ccc(S(N)(=O)=O)cc2)cc1,CC#N.F[P-](F)(F)(F)(F)F.[Cu+].ClCCCl,Cc1ccc(-c2cc(C(F)(F)F)nn2-c2ccc(S(=O)(=O)Nc3ccc(C(F)(F)F)cc3)cc2)cc1,Cc1ccc(-c2cc(C(F)(F)F)nn2-c2ccc(S(=O)(=O)N(c3ccc(C(F)(F)F)cc3)c3ccc(C(F)(F)F)cc3)cc2)cc1,OB(O)c1ccc(C(F)(F)F)cc1,Cc1ccc(-c2cc(C(F)(F)F)nn2-c2ccc(S(N)(=O)=O)cc2)cc1,,CC#N.CC#N.CC#N.CC#N.F[P-](F)(F)(F)(F)F.[Cu+],ClCCCl,Cc1ccc(-c2cc(C(F)(F)F)nn2-c2ccc(S(N)(=O)=O)cc2)cc1.OB(O)c1ccc(C(F)(F)F)cc1
Cc1ccc(-c2cc(C(F)(F)F)nn2-c2ccc(S(N)(=O)=O)cc2)cc1,OB(O)c1ccc(C(F)(F)F)cc1.Cc1ccc(-c2cc(C(F)(F)F)nn2-c2ccc(S(N)(=O)=O)cc2)cc1,O=P([O-])([O-])[O-].[K+].CN(C)CCN(C)C.[Cl-].[Cu+2].[OH-].CCOC(C)=O,Cc1ccc(-c2cc(C(F)(F)F)nn2-c2ccc(S(=O)(=O)Nc3ccc(C(F)(F)F)cc3)cc2)cc1,Cc1ccc(-c2cc(C(F)(F)F)nn2-c2ccc(S(=O)(=O)N(c3ccc(C(F)(F)F)cc3)c3ccc(C(F)(F)F)cc3)cc2)cc1,OB(O)c1ccc(C(F)(F)F)cc1,Cc1ccc(-c2cc(C(F)(F)F)nn2-c2ccc(S(N)(=O)=O)cc2)cc1,O=P([O-])([O-])[O-].[K+].[K+].[K+],CN(C)CCN(C)C.CN(C)CCN(C)C.[Cl-].[Cl-].[Cu+2].[Cu+2].[OH-].[OH-],CCOC(C)=O,Cc1ccc(-c2cc(C(F)(F)F)nn2-c2ccc(S(N)(=O)=O)cc2)cc1.OB(O)c1ccc(C(F)(F)F)cc1
Cc1ccc(-c2cc(C(F)(F)F)nn2-c2ccc(S(N)(=O)=O)cc2)cc1,COc1ccc(B(O)O)cc1.Cc1ccc(-c2cc(C(F)(F)F)nn2-c2ccc(S(N)(=O)=O)cc2)cc1,CCN(C(C)C)C(C)C.CC#N.F[P-](F)(F)(F)(F)F.[Cu+].CO,COc1ccc(NS(=O)(=O)c2ccc(-n3nc(C(F)(F)F)cc3-c3ccc(C)cc3)cc2)cc1,COc1ccc(N(c2ccc(OC)cc2)S(=O)(=O)c2ccc(-n3nc(C(F)(F)F)cc3-c3ccc(C)cc3)cc2)cc1,COc1ccc(B(O)O)cc1,Cc1ccc(-c2cc(C(F)(F)F)nn2-c2ccc(S(N)(=O)=O)cc2)cc1,CCN(C(C)C)C(C)C,CC#N.CC#N.CC#N.CC#N.F[P-](F)(F)(F)(F)F.[Cu+],CO,COc1ccc(B(O)O)cc1.Cc1ccc(-c2cc(C(F)(F)F)nn2-c2ccc(S(N)(=O)=O)cc2)cc1
Cc1ccc(-c2cc(C(F)(F)F)nn2-c2ccc(S(N)(=O)=O)cc2)cc1,OB(O)c1ccc(C(F)(F)F)cc1.Cc1ccc(-c2cc(C(F)(F)F)nn2-c2ccc(S(N)(=O)=O)cc2)cc1,O=P([O-])([O-])[O-].[K+].CC(=O)[O-].[Cu+2].CCOC(C)=O,Cc1ccc(-c2cc(C(F)(F)F)nn2-c2ccc(S(=O)(=O)Nc3ccc(C(F)(F)F)cc3)cc2)cc1,Cc1ccc(-c2cc(C(F)(F)F)nn2-c2ccc(S(=O)(=O)N(c3ccc(C(F)(F)F)cc3)c3ccc(C(F)(F)F)cc3)cc2)cc1,OB(O)c1ccc(C(F)(F)F)cc1,Cc1ccc(-c2cc(C(F)(F)F)nn2-c2ccc(S(N)(=O)=O)cc2)cc1,O=P([O-])([O-])[O-].[K+].[K+].[K+],CC(=O)[O-].CC(=O)[O-].[Cu+2],CCOC(C)=O,Cc1ccc(-c2cc(C(F)(F)F)nn2-c2ccc(S(N)(=O)=O)cc2)cc1.OB(O)c1ccc(C(F)(F)F)cc1
Cc1cc(CS(N)(=O)=O)no1,COc1ccc(B(O)O)cc1.Cc1cc(CS(N)(=O)=O)no1,O=S(=O)([O-])C(F)(F)F.[Cu+2].CO,COc1ccc(NS(=O)(=O)Cc2cc(C)on2)cc1,COc1ccc(N(c2ccc(OC)cc2)S(=O)(=O)Cc2cc(C)on2)cc1,COc1ccc(B(O)O)cc1,Cc1cc(CS(N)(=O)=O)no1,,O=S(=O)([O-])C(F)(F)F.O=S(=O)([O-])C(F)(F)F.[Cu+2],CO,COc1ccc(B(O)O)cc1.Cc1cc(CS(N)(=O)=O)no1
Cc1cc(CS(N)(=O)=O)no1,OB(O)c1ccc(C(F)(F)F)cc1.Cc1cc(CS(N)(=O)=O)no1,O=P([O-])([O-])[O-].[K+].O=S(=O)([O-])C(F)(F)F.[Cu+2].CC#N,Cc1cc(CS(=O)(=O)Nc2ccc(C(F)(F)F)cc2)no1,Cc1cc(CS(=O)(=O)N(c2ccc(C(F)(F)F)cc2)c2ccc(C(F)(F)F)cc2)no1,OB(O)c1ccc(C(F)(F)F)cc1,Cc1cc(CS(N)(=O)=O)no1,O=P([O-])([O-])[O-].[K+].[K+].[K+],O=S(=O)([O-])C(F)(F)F.O=S(=O)([O-])C(F)(F)F.[Cu+2],CC#N,Cc1cc(CS(N)(=O)=O)no1.OB(O)c1ccc(C(F)(F)F)cc1
Cc1cc(CS(N)(=O)=O)no1,COc1ccc(B(O)O)cc1.Cc1cc(CS(N)(=O)=O)no1,CC#N.F[P-](F)(F)(F)(F)F.[Cu+],COc1ccc(NS(=O)(=O)Cc2cc(C)on2)cc1,COc1ccc(N(c2ccc(OC)cc2)S(=O)(=O)Cc2cc(C)on2)cc1,COc1ccc(B(O)O)cc1,Cc1cc(CS(N)(=O)=O)no1,,CC#N.CC#N.CC#N.CC#N.F[P-](F)(F)(F)(F)F.[Cu+],CC#N,COc1ccc(B(O)O)cc1.Cc1cc(CS(N)(=O)=O)no1
Cc1cc(CS(N)(=O)=O)no1,COc1ccc(B(O)O)cc1.Cc1cc(CS(N)(=O)=O)no1,O=P([O-])([O-])[O-].[K+].CC(=O)[O-].[Cu+2].CCOC(C)=O,COc1ccc(NS(=O)(=O)Cc2cc(C)on2)cc1,COc1ccc(N(c2ccc(OC)cc2)S(=O)(=O)Cc2cc(C)on2)cc1,COc1ccc(B(O)O)cc1,Cc1cc(CS(N)(=O)=O)no1,O=P([O-])([O-])[O-].[K+].[K+].[K+],CC(=O)[O-].CC(=O)[O-].[Cu+2],CCOC(C)=O,COc1ccc(B(O)O)cc1.Cc1cc(CS(N)(=O)=O)no1
Cc1cc(CS(N)(=O)=O)no1,COc1ccc(B(O)O)cc1.Cc1cc(CS(N)(=O)=O)no1,O=C([O-])[O-].[K+].CN(C)CCN(C)C.[Cl-].[Cu+2].[OH-].ClCCCl,COc1ccc(NS(=O)(=O)Cc2cc(C)on2)cc1,COc1ccc(N(c2ccc(OC)cc2)S(=O)(=O)Cc2cc(C)on2)cc1,COc1ccc(B(O)O)cc1,Cc1cc(CS(N)(=O)=O)no1,O=C([O-])[O-].[K+].[K+],CN(C)CCN(C)C.CN(C)CCN(C)C.[Cl-].[Cl-].[Cu+2].[Cu+2].[OH-].[OH-],ClCCCl,COc1ccc(B(O)O)cc1.Cc1cc(CS(N)(=O)=O)no1
Cc1cc(CS(N)(=O)=O)no1,OB(O)c1ccc(C(F)(F)F)cc1.Cc1cc(CS(N)(=O)=O)no1,CN(C)c1ccncc1.CC#N.F[P-](F)(F)(F)(F)F.[Cu+].CO,Cc1cc(CS(=O)(=O)Nc2ccc(C(F)(F)F)cc2)no1,Cc1cc(CS(=O)(=O)N(c2ccc(C(F)(F)F)cc2)c2ccc(C(F)(F)F)cc2)no1,OB(O)c1ccc(C(F)(F)F)cc1,Cc1cc(CS(N)(=O)=O)no1,CN(C)c1ccncc1,CC#N.CC#N.CC#N.CC#N.F[P-](F)(F)(F)(F)F.[Cu+],CO,Cc1cc(CS(N)(=O)=O)no1.OB(O)c1ccc(C(F)(F)F)cc1
Cc1cc(CS(N)(=O)=O)no1,OB(O)c1ccc(C(F)(F)F)cc1.Cc1cc(CS(N)(=O)=O)no1,CCN(C(C)C)C(C)C.O=S(=O)([O-])C(F)(F)F.[Cu+2].ClCCCl,Cc1cc(CS(=O)(=O)Nc2ccc(C(F)(F)F)cc2)no1,Cc1cc(CS(=O)(=O)N(c2ccc(C(F)(F)F)cc2)c2ccc(C(F)(F)F)cc2)no1,OB(O)c1ccc(C(F)(F)F)cc1,Cc1cc(CS(N)(=O)=O)no1,CCN(C(C)C)C(C)C,O=S(=O)([O-])C(F)(F)F.O=S(=O)([O-])C(F)(F)F.[Cu+2],ClCCCl,Cc1cc(CS(N)(=O)=O)no1.OB(O)c1ccc(C(F)(F)F)cc1
Cc1cc(CS(N)(=O)=O)no1,OB(O)c1ccc(C(F)(F)F)cc1.Cc1cc(CS(N)(=O)=O)no1,O=C([O-])[O-].[K+].CC#N.F[P-](F)(F)(F)(F)F.[Cu+].ClCCCl,Cc1cc(CS(=O)(=O)Nc2ccc(C(F)(F)F)cc2)no1,Cc1cc(CS(=O)(=O)N(c2ccc(C(F)(F)F)cc2)c2ccc(C(F)(F)F)cc2)no1,OB(O)c1ccc(C(F)(F)F)cc1,Cc1cc(CS(N)(=O)=O)no1,O=C([O-])[O-].[K+].[K+],CC#N.CC#N.CC#N.CC#N.F[P-](F)(F)(F)(F)F.[Cu+],ClCCCl,Cc1cc(CS(N)(=O)=O)no1.OB(O)c1ccc(C(F)(F)F)cc1
Cc1cc(CS(N)(=O)=O)no1,COc1ccc(B(O)O)cc1.Cc1cc(CS(N)(=O)=O)no1,CCN(C(C)C)C(C)C.O=S(=O)([O-])C(F)(F)F.[Cu+2].CO,COc1ccc(NS(=O)(=O)Cc2cc(C)on2)cc1,COc1ccc(N(c2ccc(OC)cc2)S(=O)(=O)Cc2cc(C)on2)cc1,COc1ccc(B(O)O)cc1,Cc1cc(CS(N)(=O)=O)no1,CCN(C(C)C)C(C)C,O=S(=O)([O-])C(F)(F)F.O=S(=O)([O-])C(F)(F)F.[Cu+2],CO,COc1ccc(B(O)O)cc1.Cc1cc(CS(N)(=O)=O)no1
Cc1cc(CS(N)(=O)=O)no1,COc1ccc(B(O)O)cc1.Cc1cc(CS(N)(=O)=O)no1,CCN(C(C)C)C(C)C.CN(C)CCN(C)C.[Cl-].[Cu+2].[OH-].ClCCCl,COc1ccc(NS(=O)(=O)Cc2cc(C)on2)cc1,COc1ccc(N(c2ccc(OC)cc2)S(=O)(=O)Cc2cc(C)on2)cc1,COc1ccc(B(O)O)cc1,Cc1cc(CS(N)(=O)=O)no1,CCN(C(C)C)C(C)C,CN(C)CCN(C)C.CN(C)CCN(C)C.[Cl-].[Cl-].[Cu+2].[Cu+2].[OH-].[OH-],ClCCCl,COc1ccc(B(O)O)cc1.Cc1cc(CS(N)(=O)=O)no1
Cc1cc(CS(N)(=O)=O)no1,OB(O)c1ccc(C(F)(F)F)cc1.Cc1cc(CS(N)(=O)=O)no1,O=P([O-])([O-])[O-].[K+].CC(=O)[O-].[Cu+2].CO,Cc1cc(CS(=O)(=O)Nc2ccc(C(F)(F)F)cc2)no1,Cc1cc(CS(=O)(=O)N(c2ccc(C(F)(F)F)cc2)c2ccc(C(F)(F)F)cc2)no1,OB(O)c1ccc(C(F)(F)F)cc1,Cc1cc(CS(N)(=O)=O)no1,O=P([O-])([O-])[O-].[K+].[K+].[K+],CC(=O)[O-].CC(=O)[O-].[Cu+2],CO,Cc1cc(CS(N)(=O)=O)no1.OB(O)c1ccc(C(F)(F)F)cc1
Cc1cc(CS(N)(=O)=O)no1,OB(O)c1ccc(C(F)(F)F)cc1.Cc1cc(CS(N)(=O)=O)no1,CCN(CC)CC.O=S(=O)([O-])C(F)(F)F.[Cu+2].CCOC(C)=O,Cc1cc(CS(=O)(=O)Nc2ccc(C(F)(F)F)cc2)no1,Cc1cc(CS(=O)(=O)N(c2ccc(C(F)(F)F)cc2)c2ccc(C(F)(F)F)cc2)no1,OB(O)c1ccc(C(F)(F)F)cc1,Cc1cc(CS(N)(=O)=O)no1,CCN(CC)CC,O=S(=O)([O-])C(F)(F)F.O=S(=O)([O-])C(F)(F)F.[Cu+2],CCOC(C)=O,Cc1cc(CS(N)(=O)=O)no1.OB(O)c1ccc(C(F)(F)F)cc1
Cc1cc(CS(N)(=O)=O)no1,OB(O)c1ccc(C(F)(F)F)cc1.Cc1cc(CS(N)(=O)=O)no1,Cc1ccncc1.CC(=O)[O-].[Cu+2].ClCCCl,Cc1cc(CS(=O)(=O)Nc2ccc(C(F)(F)F)cc2)no1,Cc1cc(CS(=O)(=O)N(c2ccc(C(F)(F)F)cc2)c2ccc(C(F)(F)F)cc2)no1,OB(O)c1ccc(C(F)(F)F)cc1,Cc1cc(CS(N)(=O)=O)no1,Cc1ccncc1,CC(=O)[O-].CC(=O)[O-].[Cu+2],ClCCCl,Cc1cc(CS(N)(=O)=O)no1.OB(O)c1ccc(C(F)(F)F)cc1
Cc1cc(CS(N)(=O)=O)no1,COc1ccc(B(O)O)cc1.Cc1cc(CS(N)(=O)=O)no1,CN(C)c1ccncc1.O=S(=O)([O-])C(F)(F)F.[Cu+2].CCOC(C)=O,COc1ccc(NS(=O)(=O)Cc2cc(C)on2)cc1,COc1ccc(N(c2ccc(OC)cc2)S(=O)(=O)Cc2cc(C)on2)cc1,COc1ccc(B(O)O)cc1,Cc1cc(CS(N)(=O)=O)no1,CN(C)c1ccncc1,O=S(=O)([O-])C(F)(F)F.O=S(=O)([O-])C(F)(F)F.[Cu+2],CCOC(C)=O,COc1ccc(B(O)O)cc1.Cc1cc(CS(N)(=O)=O)no1
Cc1cc(CS(N)(=O)=O)no1,OB(O)c1ccc(C(F)(F)F)cc1.Cc1cc(CS(N)(=O)=O)no1,CCN(C(C)C)C(C)C.CN(C)CCN(C)C.[Cl-].[Cu+2].[OH-].CC#N,Cc1cc(CS(=O)(=O)Nc2ccc(C(F)(F)F)cc2)no1,Cc1cc(CS(=O)(=O)N(c2ccc(C(F)(F)F)cc2)c2ccc(C(F)(F)F)cc2)no1,OB(O)c1ccc(C(F)(F)F)cc1,Cc1cc(CS(N)(=O)=O)no1,CCN(C(C)C)C(C)C,CN(C)CCN(C)C.CN(C)CCN(C)C.[Cl-].[Cl-].[Cu+2].[Cu+2].[OH-].[OH-],CC#N,Cc1cc(CS(N)(=O)=O)no1.OB(O)c1ccc(C(F)(F)F)cc1
Cc1cc(CS(N)(=O)=O)no1,COc1ccc(B(O)O)cc1.Cc1cc(CS(N)(=O)=O)no1,CCN(CC)CC.CC#N.F[P-](F)(F)(F)(F)F.[Cu+].ClCCCl,COc1ccc(NS(=O)(=O)Cc2cc(C)on2)cc1,COc1ccc(N(c2ccc(OC)cc2)S(=O)(=O)Cc2cc(C)on2)cc1,COc1ccc(B(O)O)cc1,Cc1cc(CS(N)(=O)=O)no1,CCN(CC)CC,CC#N.CC#N.CC#N.CC#N.F[P-](F)(F)(F)(F)F.[Cu+],ClCCCl,COc1ccc(B(O)O)cc1.Cc1cc(CS(N)(=O)=O)no1
Cc1cc(CS(N)(=O)=O)no1,COc1ccc(B(O)O)cc1.Cc1cc(CS(N)(=O)=O)no1,O=P([O-])([O-])[O-].[K+].CN(C)CCN(C)C.[Cl-].[Cu+2].[OH-].CC#N,COc1ccc(NS(=O)(=O)Cc2cc(C)on2)cc1,COc1ccc(N(c2ccc(OC)cc2)S(=O)(=O)Cc2cc(C)on2)cc1,COc1ccc(B(O)O)cc1,Cc1cc(CS(N)(=O)=O)no1,O=P([O-])([O-])[O-].[K+].[K+].[K+],CN(C)CCN(C)C.CN(C)CCN(C)C.[Cl-].[Cl-].[Cu+2].[Cu+2].[OH-].[OH-],CC#N,COc1ccc(B(O)O)cc1.Cc1cc(CS(N)(=O)=O)no1
Cc1cc(CS(N)(=O)=O)no1,OB(O)c1ccc(C(F)(F)F)cc1.Cc1cc(CS(N)(=O)=O)no1,O=C([O-])[O-].[K+].CC#N.F[P-](F)(F)(F)(F)F.[Cu+].CO,Cc1cc(CS(=O)(=O)Nc2ccc(C(F)(F)F)cc2)no1,Cc1cc(CS(=O)(=O)N(c2ccc(C(F)(F)F)cc2)c2ccc(C(F)(F)F)cc2)no1,OB(O)c1ccc(C(F)(F)F)cc1,Cc1cc(CS(N)(=O)=O)no1,O=C([O-])[O-].[K+].[K+],CC#N.CC#N.CC#N.CC#N.F[P-](F)(F)(F)(F)F.[Cu+],CO,Cc1cc(CS(N)(=O)=O)no1.OB(O)c1ccc(C(F)(F)F)cc1
Cc1cc(CS(N)(=O)=O)no1,OB(O)c1ccc(C(F)(F)F)cc1.Cc1cc(CS(N)(=O)=O)no1,CCN(CC)CC.CC#N.F[P-](F)(F)(F)(F)F.[Cu+].CCOC(C)=O,Cc1cc(CS(=O)(=O)Nc2ccc(C(F)(F)F)cc2)no1,Cc1cc(CS(=O)(=O)N(c2ccc(C(F)(F)F)cc2)c2ccc(C(F)(F)F)cc2)no1,OB(O)c1ccc(C(F)(F)F)cc1,Cc1cc(CS(N)(=O)=O)no1,CCN(CC)CC,CC#N.CC#N.CC#N.CC#N.F[P-](F)(F)(F)(F)F.[Cu+],CCOC(C)=O,Cc1cc(CS(N)(=O)=O)no1.OB(O)c1ccc(C(F)(F)F)cc1
